,Dates,2026-12-14,2026-12-19,2026-12-20,2026-12-21,2026-12-22,2026-12-23,2026-12-24,2026-12-25,2026-12-26,2026-12-27,2026-12-28,2026-12-29,2026-12-30,2026-12-31,2027-01-01,2027-01-02,2027-01-03,2027-01-04,2027-01-09
,,2026-12-18,2026-12-19,2026-12-20,2026-12-21,2026-12-22,2026-12-23,2026-12-24,2026-12-25,2026-12-26,2026-12-27,2026-12-28,2026-12-29,2026-12-30,2026-12-31,2027-01-01,2027-01-02,2027-01-03,2027-01-08,2027-01-10
Special Events,,,,,,,,,,,,,,,,,,,,
R4-1,Paige Riedelsheimer,ONC,,,HGYN,HGYN,HGYN,HGYN extra,OFF,OFF,OFF,Back-Up,OB,OB,SWD,SWD,OFF,OFF,ONC,HWD
R4-2,Grace Narlock,AMB,SWN,P,GYN,GYN,OFF,SWD,SWD,SWD,SWD,OB,GYN,OFF,OFF,OFF,OFF,OFF,AMB,SWN
R4-3,Emily Young,NF,P,,OFF,OFF,OFF,OFF,SWN,SWN,SWN,NF,P,GYN,GYN extra,OFF,SWN,SWN,NF,P
R4-4,Dana Stuehling,HGYN,,SWN,NF,NF,NF,SWN,P,OFF,OFF,OFF,OFF,Back-Up,MFM,OFF,P,HWN,HNF,P
R4-5,Alex Kershner,HNF,P,,OB,OB,OB,OFF,OFF,OFF,OFF,OFF,NF,NF,SWN,SWN,P,OFF,Vac,
R4-6,Clare Lennon,SWING,,,ONC,ONC,ONC,ONC extra,OFF,OFF,OFF,GYN,OFF,OFF,HWN,HWN,HWN,P,HGYN,P
R4-7,Carson Klasner,GYN,,,GOG/Colpo,MFM,OFF,OFF,OFF,HWN,HWN,HNF,HNF,HNF,P,OFF,OFF,OFF,GYN,SWD
R4-8,Tiffany Wang,OB,SWD,SWD,COB,OFF,GYN,GYN extra,OFF,OFF,OFF,COB,ONC,OFF,ONC extra,OFF,SWD,SWD,OB,
R3-1,Elaine Smith,UG,HWN,HWN,P,OFF,OFF,OFF,OFF,HWD,HWD,ONC,ONC,ONC,HWD,HWD,OFF,HWD,UG,HWN
R3-2,Anna Nesgos,Vac,,,HNF,HNF,HNF,HWN,HWN,P,OFF,OFF,OFF,OFF,MFM,SWD,OFF,OFF,HGYN,
R3-3,Sarah Danforth,ONC,HWD,HWD,ONC,ONC,ONC,HWD,HWD,OFF,OFF,OFF,OFF,HGYN,HGYN extra,OFF,HWD,OFF,ONC,
R3-4,Malayna Hocker,NF,P,,GYN,GYN,GYN,MFM,Back-Up,OFF,OFF,GOG/Colpo,MFM,AWAY,AWAY,AWAY,AWAY,AWAY,AWAY,
R3-5,Hannah Jackel-Dewhurst,GYN,SWD,SWD,OFF,OFF,OFF,OFF,SWN,SWN,SWN,NF,NF,NF,P,OFF,SWD,SWD,GYN,
R3-6,Olivia Rombold,OB,,,OB,OB,OB,SWD,SWD,SWD,OFF,OFF,OFF,OFF,SWN,SWN,P,OFF,OB,SWD
R3-7,Kylie Ridley,AMB,SWN,SWN,NF,NF,NF,SWN,P,OFF,SWD,HGYN,HGYN,OFF,OFF,OFF,OFF,OFF,AMB,SWN
R3-8,Emily Fronk,Elective,,,HGYN,HGYN,OFF,OFF,OFF,OFF,OFF,OB,OB,OB,SWD,Back-Up,SWN,SWN,NF,P
R2-1,Lexi Thomson,ONC,HWN,HWN,HNF,HNF,P,OFF,OFF,OFF,OFF,GYN,GYN,ONC,HWD,HWD,OFF,HWD,ONC,
R2-2,Erin Stitzlein,GYN,,,NF,NF,NF,SWN,P,OFF,OFF,OFF,OFF,OB,SWD,SWD,HWD,OFF,GYN,SWD
R2-3,Paige Kieper,OB,SWD,SWD,HGYN,HGYN,HGYN,MFM,OFF,OFF,OFF,OFF,OFF,HNF,HWN,HWN,HWN,P,OB,
R2-4,Mary Panepento,NF,P,,HHOB,MFM/Pain,HGYN,OFF,OFF,OFF,OFF,ONC,HGYN,OFF,GYN extra,OFF,SWN,SWN,NF,P
R2-5,Gina Rossi,AMB,SWN,SWN,P,OFF,OFF,HWD,HWD,HWD,HWD,HGYN,MFM/Pain,GYN,Back-Up,OFF,OFF,OFF,AMB,SWN
R2-6,Liz Severino,Vac,,,OB,OB,OB,SWD,OFF,OFF,OFF,OFF,OFF,HGYN,SWN,SWN,P,HWN,HNF,P
R2-7,Zhenya Knyazhanskaya,HHOB,,,GOG/Colpo,HHOB,HHOB,Back-Up,SWD,SWD,SWD,OB,OB,OFF,OFF,OFF,OFF,OFF,HHOB,HWD
R2-8,Manasa Ponnapalli,REI,HWD,HWD,OFF,OFF,OFF,OFF,SWN,SWN,SWN,NF,NF,NF,P,OFF,SWD,SWD,REI,
R1-1,Hanah Walker,GYN,SWD,SWD,OFF,Back-Up,NF,SWN,SWN,SWN,SWN,P,OFF,OFF,OFF,OFF,OFF,SWD,GYN,
R1-2,Morolayo Ilori,HNF,P,,Back-Up,GYN,OFF,OFF,OFF,OFF,OFF,OB,OB,OB,SWD,SWD,SWD,OFF,HGYN,HWN
R1-3,Hildegard Wulf,HGYN,,,COB,HHOB,Back-Up,OFF,OFF,OFF,OFF,NF,NF,NF,SWN,SWN,P,OFF,Vac,
R1-4,Ellen Dill,HGYN,,,OB,OB,OB,OFF,OFF,OFF,OFF,COB,HGYN,HGYN,HGYN extra,OFF,HWD,OFF,Swing,
R1-5,Alexa Shahine,ONC,HWD,HWD,ONC,ONC,ONC,ONC extra,OFF,OFF,OFF,HGYN,OFF,HHOB,ONC extra,OFF,OFF,HWD,ONC,
R1-6,Anna Baumer,OB,,,GYN,GYN,GYN,GYN extra,OFF,SWD,OFF,ONC,ONC,ONC,OFF,OFF,OFF,OFF,OB,SWD
R1-7,Carolyn Robb,NF,P,,GYN,OFF,GYN,HGYN extra,OFF,OFF,OFF,GYN,GYN,GYN,OFF,OFF,SWN,SWN,NF,P
R1-8,Jake Miller,AMB,SWN,SWN,NF,NF,P,SWD,SWD,OFF,SWD,GOG/Colpo,Back-Up,OFF,OFF,OFF,OFF,OFF,AMB,SWN
