position_code,pdf_name,start_date,end_date,assignment
R1-2,Morolayo Ilori,2026-12-21,2026-12-21,Back-Up
R1-1,Hanah Walker,2026-12-22,2026-12-22,Back-Up
R1-3,Hildegard Wulf,2026-12-23,2026-12-23,Back-Up
R2-7,Zhenya Knyazhanskaya,2026-12-24,2026-12-24,Back-Up
R3-4,Malayna Hocker,2026-12-25,2026-12-25,Back-Up
R4-1,Paige Riedelsheimer,2026-12-28,2026-12-28,Back-Up
R1-8,Jake Miller,2026-12-29,2026-12-29,Back-Up
R4-4,Dana Stuehling,2026-12-30,2026-12-30,Back-Up
R2-5,Gina Rossi,2026-12-31,2026-12-31,Back-Up
R3-8,Emily Fronk,2027-01-01,2027-01-01,Back-Up
