position_code,pdf_name,start_date,end_date,source_value,handling
R4-1,Paige Riedelsheimer,2026-12-24,2026-12-24,HGYN extra,Imported as HGYN; extra annotation retained here
R4-6,Clare Lennon,2026-12-24,2026-12-24,ONC extra,Imported as ONC; extra annotation retained here
R4-8,Tiffany Wang,2026-12-24,2026-12-24,GYN extra,Imported as GYN; extra annotation retained here
R1-5,Alexa Shahine,2026-12-24,2026-12-24,ONC extra,Imported as ONC; extra annotation retained here
R1-6,Anna Baumer,2026-12-24,2026-12-24,GYN extra,Imported as GYN; extra annotation retained here
R1-7,Carolyn Robb,2026-12-24,2026-12-24,HGYN extra,Imported as HGYN; extra annotation retained here
R4-3,Emily Young,2026-12-31,2026-12-31,GYN extra,Imported as GYN; extra annotation retained here
R4-8,Tiffany Wang,2026-12-31,2026-12-31,ONC extra,Imported as ONC; extra annotation retained here
R3-3,Sarah Danforth,2026-12-31,2026-12-31,HGYN extra,Imported as HGYN; extra annotation retained here
R2-4,Mary Panepento,2026-12-31,2026-12-31,GYN extra,Imported as GYN; extra annotation retained here
R1-4,Ellen Dill,2026-12-31,2026-12-31,HGYN extra,Imported as HGYN; extra annotation retained here
R1-5,Alexa Shahine,2026-12-31,2026-12-31,ONC extra,Imported as ONC; extra annotation retained here
