,Dates,2030-07-01,2030-07-06,2030-07-08,2030-07-13,2030-07-15,2030-07-20,2030-07-22,2030-07-27,2030-07-29,2030-08-03,2030-08-05,2030-08-10,2030-08-12,2030-08-17,2030-08-19,2030-08-24,2030-08-26,2030-08-31,2030-09-02,2030-09-07,2030-09-09,2030-09-14,2030-09-16,2030-09-21,2030-09-23,2030-09-28,2030-09-30,2030-10-05,2030-10-07,2030-10-12,2030-10-14,2030-10-19,2030-10-21,2030-10-26,2030-10-28,2030-11-02,2030-11-04,2030-11-09,2030-11-11,2030-11-16,2030-11-18,2030-11-23,2030-11-25,2030-11-30,2030-12-02,2030-12-07,2030-12-09,2030-12-14,2030-12-16,2030-12-21,2030-12-23,2030-12-28,2030-12-30,2031-01-04,2031-01-06,2031-01-11,2031-01-13,2031-01-18,2031-01-20,2031-01-25,2031-01-27,2031-02-01,2031-02-03,2031-02-08,2031-02-10,2031-02-15,2031-02-17,2031-02-22,2031-02-24,2031-03-01,2031-03-03,2031-03-08,2031-03-10,2031-03-15,2031-03-17,2031-03-22,2031-03-24,2031-03-29,2031-03-31,2031-04-05,2031-04-07,2031-04-12,2031-04-14,2031-04-19,2031-04-21,2031-04-26,2031-04-28,2031-05-03,2031-05-05,2031-05-10,2031-05-12,2031-05-17,2031-05-19,2031-05-24,2031-05-26,2031-05-31,2031-06-02,2031-06-07,2031-06-09,2031-06-14,2031-06-16,2031-06-21,2031-06-23,2031-06-28
,,2030-07-05,2030-07-07,2030-07-12,2030-07-14,2030-07-19,2030-07-21,2030-07-26,2030-07-28,2030-08-02,2030-08-04,2030-08-09,2030-08-11,2030-08-16,2030-08-18,2030-08-23,2030-08-25,2030-08-30,2030-09-01,2030-09-06,2030-09-08,2030-09-13,2030-09-15,2030-09-20,2030-09-22,2030-09-27,2030-09-29,2030-10-04,2030-10-06,2030-10-11,2030-10-13,2030-10-18,2030-10-20,2030-10-25,2030-10-27,2030-11-01,2030-11-03,2030-11-08,2030-11-10,2030-11-15,2030-11-17,2030-11-22,2030-11-24,2030-11-29,2030-12-01,2030-12-06,2030-12-08,2030-12-13,2030-12-15,2030-12-20,2030-12-22,2030-12-27,2030-12-29,2031-01-03,2031-01-05,2031-01-10,2031-01-12,2031-01-17,2031-01-19,2031-01-24,2031-01-26,2031-01-31,2031-02-02,2031-02-07,2031-02-09,2031-02-14,2031-02-16,2031-02-21,2031-02-23,2031-02-28,2031-03-02,2031-03-07,2031-03-09,2031-03-14,2031-03-16,2031-03-21,2031-03-23,2031-03-28,2031-03-30,2031-04-04,2031-04-06,2031-04-11,2031-04-13,2031-04-18,2031-04-20,2031-04-25,2031-04-27,2031-05-02,2031-05-04,2031-05-09,2031-05-11,2031-05-16,2031-05-18,2031-05-23,2031-05-25,2031-05-30,2031-06-01,2031-06-06,2031-06-08,2031-06-13,2031-06-15,2031-06-20,2031-06-22,2031-06-27,2031-06-29
Special Events,,,,,,,,Retreat,,,,,,,,,,,,,,,,,,CREOGS,,,,,,,,,,,,,,Research Day,,,,,,,,,,,,,,,,,,,,,,,,,,,,,,,,,,,,,,,,,,,,,,,,,,,,,,,,,,,,,,,,,
R4-1,Wren Halloway,FLOAT,FLOAT,ONC,HWD,GYN,SWD,OB,SWD,NF,P,AMB,SWN,HGYN,HWN,Elective,,HNF,P,US,,REI,,UG,,Vac,,FLOAT,FLOAT,ONC,HWD,GYN,SWD,OB,SWD,NF,P,AMB,SWN,HGYN,HWN,Elective,,HNF,P,US,,REI,,UG,,Vac,,FLOAT,FLOAT,ONC,HWD,GYN,SWD,OB,SWD,NF,P,AMB,SWN,HGYN,HWN,Elective,,HNF,P,US,,REI,,UG,,Vac,,FLOAT,FLOAT,ONC,HWD,GYN,SWD,OB,SWD,NF,P,AMB,SWN,HGYN,HWN,Elective,,HNF,P,US,,REI,,UG,,Vac,
R4-2,Tobias Feld,ONC,HWD,GYN,SWD,OB,SWD,NF,P,AMB,SWN,HGYN,HWN,Elective,,HNF,P,US,,REI,,UG,,Vac,,FLOAT,FLOAT,ONC,HWD,GYN,SWD,OB,SWD,NF,P,AMB,SWN,HGYN,HWN,Elective,,HNF,P,US,,REI,,UG,,Vac,,FLOAT,FLOAT,ONC,HWD,GYN,SWD,OB,SWD,NF,P,AMB,SWN,HGYN,HWN,Elective,,HNF,P,US,,REI,,UG,,Vac,,FLOAT,FLOAT,ONC,HWD,GYN,SWD,OB,SWD,NF,P,AMB,SWN,HGYN,HWN,Elective,,HNF,P,US,,REI,,UG,,Vac,,FLOAT,FLOAT
R4-3,Ines Marchetti,GYN,SWD,OB,SWD,NF,P,AMB,SWN,HGYN,HWN,Elective,,HNF,P,US,,REI,,UG,,Vac,,FLOAT,FLOAT,ONC,HWD,GYN,SWD,OB,SWD,NF,P,AMB,SWN,HGYN,HWN,Elective,,HNF,P,US,,REI,,UG,,Vac,,FLOAT,FLOAT,ONC,HWD,GYN,SWD,OB,SWD,NF,P,AMB,SWN,HGYN,HWN,Elective,,HNF,P,US,,REI,,UG,,Vac,,FLOAT,FLOAT,ONC,HWD,GYN,SWD,OB,SWD,NF,P,AMB,SWN,HGYN,HWN,Elective,,HNF,P,US,,REI,,UG,,Vac,,FLOAT,FLOAT,ONC,HWD
R4-4,Desmond Achebe,OB,SWD,NF,P,AMB,SWN,HGYN,HWN,Elective,,HNF,P,US,,REI,,UG,,Vac,,FLOAT,FLOAT,ONC,HWD,GYN,SWD,OB,SWD,NF,P,AMB,SWN,HGYN,HWN,Elective,,HNF,P,US,,REI,,UG,,Vac,,FLOAT,FLOAT,ONC,HWD,GYN,SWD,OB,SWD,NF,P,AMB,SWN,HGYN,HWN,Elective,,HNF,P,US,,REI,,UG,,Vac,,FLOAT,FLOAT,ONC,HWD,GYN,SWD,OB,SWD,NF,P,AMB,SWN,HGYN,HWN,Elective,,HNF,P,US,,REI,,UG,,Vac,,FLOAT,FLOAT,ONC,HWD,GYN,SWD
R3-1,Priya Raghunathan,US,,REI,,UG,,Vac,,FLOAT,FLOAT,ONC,HWD,GYN,SWD,OB,SWD,NF,P,AMB,SWN,HGYN,HWN,Elective,,HNF,P,US,,REI,,UG,,Vac,,FLOAT,FLOAT,ONC,HWD,GYN,SWD,OB,SWD,NF,P,AMB,SWN,HGYN,HWN,Elective,,HNF,P,US,,REI,,UG,,Vac,,FLOAT,FLOAT,ONC,HWD,GYN,SWD,OB,SWD,NF,P,AMB,SWN,HGYN,HWN,Elective,,HNF,P,US,,REI,,UG,,Vac,,FLOAT,FLOAT,ONC,HWD,GYN,SWD,OB,SWD,NF,P,AMB,SWN,HGYN,HWN,Elective,,HNF,P
R3-2,Callum Vance,REI,,UG,,Vac,,FLOAT,FLOAT,ONC,HWD,GYN,SWD,OB,SWD,NF,P,AMB,SWN,HGYN,HWN,Elective,,HNF,P,US,,REI,,UG,,Vac,,FLOAT,FLOAT,ONC,HWD,GYN,SWD,OB,SWD,NF,P,AMB,SWN,HGYN,HWN,Elective,,HNF,P,US,,REI,,UG,,Vac,,FLOAT,FLOAT,ONC,HWD,GYN,SWD,OB,SWD,NF,P,AMB,SWN,HGYN,HWN,Elective,,HNF,P,US,,REI,,UG,,Vac,,FLOAT,FLOAT,ONC,HWD,GYN,SWD,OB,SWD,NF,P,AMB,SWN,HGYN,HWN,Elective,,HNF,P,US,
R3-3,Noor El-Amin,UG,,Vac,,FLOAT,FLOAT,ONC,HWD,GYN,SWD,OB,SWD,NF,P,AMB,SWN,HGYN,HWN,Elective,,HNF,P,US,,REI,,UG,,Vac,,FLOAT,FLOAT,ONC,HWD,GYN,SWD,OB,SWD,NF,P,AMB,SWN,HGYN,HWN,Elective,,HNF,P,US,,REI,,UG,,Vac,,FLOAT,FLOAT,ONC,HWD,GYN,SWD,OB,SWD,NF,P,AMB,SWN,HGYN,HWN,Elective,,HNF,P,US,,REI,,UG,,Vac,,FLOAT,FLOAT,ONC,HWD,GYN,SWD,OB,SWD,NF,P,AMB,SWN,HGYN,HWN,Elective,,HNF,P,US,,REI,
R3-4,Beatrix Sandoval,Vac,,FLOAT,FLOAT,ONC,HWD,GYN,SWD,OB,SWD,NF,P,AMB,SWN,HGYN,HWN,Elective,,HNF,P,US,,REI,,UG,,Vac,,FLOAT,FLOAT,ONC,HWD,GYN,SWD,OB,SWD,NF,P,AMB,SWN,HGYN,HWN,Elective,,HNF,P,US,,REI,,UG,,Vac,,FLOAT,FLOAT,ONC,HWD,GYN,SWD,OB,SWD,NF,P,AMB,SWN,HGYN,HWN,Elective,,HNF,P,US,,REI,,UG,,Vac,,FLOAT,FLOAT,ONC,HWD,GYN,SWD,OB,SWD,NF,P,AMB,SWN,HGYN,HWN,Elective,,HNF,P,US,,REI,,UG,
R2-1,Ezra Lindqvist,AMB,SWN,HGYN,HWN,Elective,,HNF,P,US,,REI,,UG,,Vac,,FLOAT,FLOAT,ONC,HWD,GYN,SWD,OB,SWD,NF,P,AMB,SWN,HGYN,HWN,Elective,,HNF,P,US,,REI,,UG,,Vac,,FLOAT,FLOAT,ONC,HWD,GYN,SWD,OB,SWD,NF,P,AMB,SWN,HGYN,HWN,Elective,,HNF,P,US,,REI,,UG,,Vac,,FLOAT,FLOAT,ONC,HWD,GYN,SWD,OB,SWD,NF,P,AMB,SWN,HGYN,HWN,Elective,,HNF,P,US,,REI,,UG,,Vac,,FLOAT,FLOAT,ONC,HWD,GYN,SWD,OB,SWD,NF,P
R2-2,Amara Osei,HGYN,HWN,Elective,,HNF,P,US,,REI,,UG,,Vac,,FLOAT,FLOAT,ONC,HWD,GYN,SWD,OB,SWD,NF,P,AMB,SWN,HGYN,HWN,Elective,,HNF,P,US,,REI,,UG,,Vac,,FLOAT,FLOAT,ONC,HWD,GYN,SWD,OB,SWD,NF,P,AMB,SWN,HGYN,HWN,Elective,,HNF,P,US,,REI,,UG,,Vac,,FLOAT,FLOAT,ONC,HWD,GYN,SWD,OB,SWD,NF,P,AMB,SWN,HGYN,HWN,Elective,,HNF,P,US,,REI,,UG,,Vac,,FLOAT,FLOAT,ONC,HWD,GYN,SWD,OB,SWD,NF,P,AMB,SWN
R2-3,Jonah Petrov,Elective,,HNF,P,US,,REI,,UG,,Vac,,FLOAT,FLOAT,ONC,HWD,GYN,SWD,OB,SWD,NF,P,AMB,SWN,HGYN,HWN,Elective,,HNF,P,US,,REI,,UG,,Vac,,FLOAT,FLOAT,ONC,HWD,GYN,SWD,OB,SWD,NF,P,AMB,SWN,HGYN,HWN,Elective,,HNF,P,US,,REI,,UG,,Vac,,FLOAT,FLOAT,ONC,HWD,GYN,SWD,OB,SWD,NF,P,AMB,SWN,HGYN,HWN,Elective,,HNF,P,US,,REI,,UG,,Vac,,FLOAT,FLOAT,ONC,HWD,GYN,SWD,OB,SWD,NF,P,AMB,SWN,HGYN,HWN
R2-4,Sylvie Tran,HNF,P,US,,REI,,UG,,Vac,,FLOAT,FLOAT,ONC,HWD,GYN,SWD,OB,SWD,NF,P,AMB,SWN,HGYN,HWN,Elective,,HNF,P,US,,REI,,UG,,Vac,,FLOAT,FLOAT,ONC,HWD,GYN,SWD,OB,SWD,NF,P,AMB,SWN,HGYN,HWN,Elective,,HNF,P,US,,REI,,UG,,Vac,,FLOAT,FLOAT,ONC,HWD,GYN,SWD,OB,SWD,NF,P,AMB,SWN,HGYN,HWN,Elective,,HNF,P,US,,REI,,UG,,Vac,,FLOAT,FLOAT,ONC,HWD,GYN,SWD,OB,SWD,NF,P,AMB,SWN,HGYN,HWN,Elective,
R1-1,Rafael Duarte,ONC,HWD,GYN,SWD,OB,SWD,NF,P,AMB,SWN,HGYN,HWN,Elective,,HNF,P,US,,REI,,UG,,Vac,,FLOAT,FLOAT,ONC,HWD,GYN,SWD,OB,SWD,NF,P,AMB,SWN,HGYN,HWN,Elective,,HNF,P,US,,REI,,UG,,Vac,,FLOAT,FLOAT,ONC,HWD,GYN,SWD,OB,SWD,NF,P,AMB,SWN,HGYN,HWN,Elective,,HNF,P,US,,REI,,UG,,Vac,,FLOAT,FLOAT,ONC,HWD,GYN,SWD,OB,SWD,NF,P,AMB,SWN,HGYN,HWN,Elective,,HNF,P,US,,REI,,UG,,Vac,,FLOAT,FLOAT
R1-2,Margit Halvorsen,GYN,SWD,OB,SWD,NF,P,AMB,SWN,HGYN,HWN,Elective,,HNF,P,US,,REI,,UG,,Vac,,FLOAT,FLOAT,ONC,HWD,GYN,SWD,OB,SWD,NF,P,AMB,SWN,HGYN,HWN,Elective,,HNF,P,US,,REI,,UG,,Vac,,FLOAT,FLOAT,ONC,HWD,GYN,SWD,OB,SWD,NF,P,AMB,SWN,HGYN,HWN,Elective,,HNF,P,US,,REI,,UG,,Vac,,FLOAT,FLOAT,ONC,HWD,GYN,SWD,OB,SWD,NF,P,AMB,SWN,HGYN,HWN,Elective,,HNF,P,US,,REI,,UG,,Vac,,FLOAT,FLOAT,ONC,HWD
R1-3,Kwame Boateng,OB,SWD,NF,P,AMB,SWN,HGYN,HWN,Elective,,HNF,P,US,,REI,,UG,,Vac,,FLOAT,FLOAT,ONC,HWD,GYN,SWD,OB,SWD,NF,P,AMB,SWN,HGYN,HWN,Elective,,HNF,P,US,,REI,,UG,,Vac,,FLOAT,FLOAT,ONC,HWD,GYN,SWD,OB,SWD,NF,P,AMB,SWN,HGYN,HWN,Elective,,HNF,P,US,,REI,,UG,,Vac,,FLOAT,FLOAT,ONC,HWD,GYN,SWD,OB,SWD,NF,P,AMB,SWN,HGYN,HWN,Elective,,HNF,P,US,,REI,,UG,,Vac,,FLOAT,FLOAT,ONC,HWD,GYN,SWD
R1-4,Delphine Roux,NF,P,AMB,SWN,HGYN,HWN,Elective,,HNF,P,US,,REI,,UG,,Vac,,FLOAT,FLOAT,ONC,HWD,GYN,SWD,OB,SWD,NF,P,AMB,SWN,HGYN,HWN,Elective,,HNF,P,US,,REI,,UG,,Vac,,FLOAT,FLOAT,ONC,HWD,GYN,SWD,OB,SWD,NF,P,AMB,SWN,HGYN,HWN,Elective,,HNF,P,US,,REI,,UG,,Vac,,FLOAT,FLOAT,ONC,HWD,GYN,SWD,OB,SWD,NF,P,AMB,SWN,HGYN,HWN,Elective,,HNF,P,US,,REI,,UG,,Vac,,FLOAT,FLOAT,ONC,HWD,GYN,SWD,OB,SWD
