,,2025-06-30,2025-07-05,2025-07-07,2025-07-12,2025-07-14,2025-07-19,2025-07-21,2025-07-26,2025-07-28,2025-08-02,2025-08-04,2025-08-09,,2025-08-11,2025-08-16,2025-08-18,2025-08-23,2025-08-25,2025-08-30,2025-09-01,2025-09-06,2025-09-08,2025-09-13,2025-09-15,2025-09-20,,2025-09-22,2025-09-27,2025-09-29,2025-10-04,2025-10-06,2025-10-11,2025-10-13,2025-10-18,2025-10-20,2025-10-25,2025-10-27,2025-11-01,,2025-11-03,2025-11-08,2025-11-10,2025-11-15,2025-11-17,2025-11-22,2025-11-24,2025-11-29,2025-12-01,2025-12-06,2025-12-08,2025-12-13,,2025-12-15,2025-12-20,2025-12-22,2025-12-29,2026-01-05,2026-01-10,2026-01-12,2026-01-17,2026-01-19,2026-01-24,2026-01-26,2026-01-31,2026-02-02,2026-02-07,,2026-02-09,2026-02-14,2026-02-16,2026-02-21,2026-02-23,2026-02-28,2026-03-02,2026-03-07,2026-03-09,2026-03-14,2026-03-16,2026-03-21,,2026-03-23,2026-03-28,2026-03-30,2026-04-04,2026-04-06,2026-04-11,2026-04-13,2026-04-18,2026-04-20,2026-04-25,2026-04-27,2026-05-02,,2026-05-04,2026-05-09,2026-05-11,2026-05-16,2026-05-18,2026-05-23,2026-05-25,2026-05-30,2026-06-01,2026-06-06,2026-06-08,2026-06-13,2026-06-15,2026-06-22
,Resident,2025-07-04,2025-07-06,2025-07-11,2025-07-13,2025-07-18,2025-07-20,2025-07-25,2025-07-27,2025-08-01,2025-08-03,2025-08-08,2025-08-10,,2025-08-15,2025-08-17,2025-08-22,2025-08-24,2025-08-29,2025-08-31,2025-09-05,2025-09-07,2025-09-12,2025-09-14,2025-09-19,2025-09-21,,2025-09-26,2025-09-28,2025-10-03,2025-10-05,2025-10-10,2025-10-12,2025-10-17,2025-10-19,2025-10-24,2025-10-26,2025-10-31,2025-11-02,,2025-11-07,2025-11-09,2025-11-14,2025-11-16,2025-11-21,2025-11-23,2025-11-28,2025-11-30,2025-12-05,2025-12-07,2025-12-12,2025-12-14,,2025-12-19,2025-12-21,2025-12-28,2026-01-04,2026-01-09,2026-01-11,2026-01-16,2026-01-18,2026-01-23,2026-01-25,2026-01-30,2026-02-01,2026-02-06,2026-02-08,,2026-02-13,2026-02-15,2026-02-20,2026-02-22,2026-02-27,2026-03-01,2026-03-06,2026-03-08,2026-03-13,2026-03-15,2026-03-20,2026-03-22,,2026-03-27,2026-03-29,2026-04-03,2026-04-05,2026-04-10,2026-04-12,2026-04-17,2026-04-19,2026-04-24,2026-04-26,2026-05-01,2026-05-03,,2026-05-08,2026-05-10,2026-05-15,2026-05-17,2026-05-22,2026-05-24,2026-05-29,2026-05-31,2026-06-05,2026-06-07,2026-06-12,2026-06-14,2026-06-21,2026-06-28
,,,,,,,,,,,,,,,,,,,,,,,,,,,,,,,,,,,,,,,,,,,,,,,,,,,,,,,,,,,,,,,,,,,,,,,,,,,,,,,,,,,,,,,,,,,,,,,,,,,,,,,,,,,,
R4-1,Laura,ONC,HWD,ONC,,ONC,HWD,ONC,,ONC,HWD,ONC,P,,HNF,P,Vac,,AMB,SWN,AMB,SWN,NF,P,NF,,,OB,,OB,SWD,HGYN,,HGYN,SWD,GYN,,GYN,SWD,,GYN,,GYN,SWD,Swing,P,HNF,P,Vac,,Vac,,,AMB,SWN,FLOAT,FLOAT,AMB,SWN,NF,P,NF,,OB,,OB,SWD,,Elective,,Elective,,Elective,,Elective,,HGYN,,HGYN,HWN,,HGYN,P,HNF,P,GYN,,GYN,SWD,AMB,SWN,AMB,SWN,,NF,P,NF,,OB,HWN,OB,,HGYN,HWN,Vac,,FLOAT,FLOAT
R4-2,Young,HGYN,HWN,HGYN,,HGYN,HWN,Elective,,Elective,,Elective,,,ONC,HWD,ONC,,ONC,HWD,ONC,,ONC,HWD,ONC,P,,HNF,P,Vac,,AMB,SWN,AMB,SWN,NF,P,NF,,,OB,SWD,OB,,GYN,SWD,GYN,,GYN,SWD,GYN,,,HGYN,HWN,FLOAT,FLOAT,HNF,P,Elective,,Swing,,Vac,,Vac,,,HGYN,,HGYN,SWD,AMB,SWN,AMB,SWN,NF,P,NF,,,OB,SWD,OB,,Vac,P,HNF,P,GYN,,GYN,,,AMB,SWN,AMB,SWN,NF,P,NF,,OB,SWD,OB,,FLOAT,FLOAT
R4-3,Carolyn,NF,P,NF,,OB,SWD,OB,P,HGYN,P,HNF,P,,Elective,,Elective,HWN,Elective,,Vac,,Vac,,Elective,,,GYN,SWD,GYN,,GYN,SWD,GYN,,Vac,,HGYN,HWN,,HGYN,P,HNF,P,AMB,SWN,AMB,SWN,NF,P,NF,,,OB,SWD,FLOAT,FLOAT,OB,,HGYN,SWD,HGYN,,Vac,P,HNF,P,,ONC,HWD,ONC,,ONC,HWD,ONC,,ONC,HWD,ONC,,,AMB,SWN,AMB,SWN,NF,P,NF,,OB,,OB,SWD,,HGYN,,Swing,SWD,GYN,,GYN,HWN,AMB,SWN,AMB,SWN,FLOAT,FLOAT
R4-4,Allie G,LOA,,LOA,,LOA,,LOA,,LOA,,HGYN,HWN,,AMB,SWN,AMB,SWN,NF,P,NF,,OB,SWD,OB,,,ONC,,ONC,HWD,ONC,,ONC,HWD,ONC,,ONC,HWD,,Vac,,HGYN,HWN,HGYN,,HGYN,HWN,AMB,SWN,AMB,SWN,,NF,P,FLOAT,FLOAT,NF,,OB,,OB,,GYN,SWD,GYN,,,GYN,,GYN,P,HNF,P,Swing,,Vac,P,HNF,P,,GYN,,GYN,SWD,AMB,SWN,AMB,SWN,NF,P,NF,,,OB,SWD,OB,,Vac,P,HNF,P,Elective,,Elective,SWD,FLOAT,FLOAT
R4-5,Annie,GYN,,GYN,SWD,GYN,,GYN,SWD,AMB,SWN,AMB,SWN,,NF,P,NF,,Vac,SWD,OB,SWN,Elective,,Elective,HWN,,Elective,,Elective,,OB,P,HNF,P,AMB,SWN,AMB,SWN,,NF,P,NF,,OB,,OB,P,HNF,P,HGYN,HWN,,ONC,,FLOAT,FLOAT,ONC,HWD,ONC,,ONC,HWD,ONC,,ONC,HWD,,Vac,,Vac,,GYN,,GYN,SWD,AMB,SWN,AMB,SWN,,NF,P,NF,,OB,,OB,,Swing,,HGYN,HWN,,HGYN,,Vac,,HGYN,SWD,HGYN,P,HNF,P,HGYN,,FLOAT,FLOAT
R4-6,Chima,HGYN,P,HNF,P,AMB,SWN,AMB,SWN,NF,P,NF,,,OB,,OB,SWD,GYN,,GYN,SWD,GYN,HWN,GYN,,,Vac,P,HNF,P,Elective,,Elective,,Elective,,Elective,,,AMB,SWN,AMB,SWN,NF,P,NF,,OB,,OB,SWD,,HGYN,,FLOAT,FLOAT,Vac,HWN,AMB,SWN,AMB,SWN,NF,P,NF,,,OB,SWD,OB,,HGYN,HWN,HGYN,,GYN,SWD,GYN,P,,HNF,P,Vac,,Vac,,Swing,,HGYN,SWD,HGYN,,,ONC,HWD,ONC,,ONC,HWD,ONC,,ONC,HWD,ONC,,FLOAT,FLOAT
R4-7,Ally Z,OB,SWD,OB,,Vac,P,HNF,P,GYN,SWD,GYN,,,GYN,SWD,GYN,,HGYN,HWN,Vac,,HGYN,,HGYN,SWD,,AMB,SWN,AMB,SWN,NF,P,NF,,OB,SWD,OB,,,Elective,HWN,Elective,,Elective,,Elective,SWD,HGYN,,Vac,P,,HNF,P,FLOAT,FLOAT,Swing,,HGYN,P,HNF,P,HGYN,HWN,Vac,,,AMB,SWN,AMB,SWN,NF,P,NF,,OB,,OB,SWD,,ONC,,ONC,HWD,ONC,,ONC,HWD,ONC,,ONC,HWD,,GYN,,GYN,,AMB,SWN,AMB,SWN,NF,P,NF,,FLOAT,FLOAT
R4-8,Emily K,AMB,SWN,AMB,SWN,NF,P,NF,,OB,,OB,SWD,,HGYN,HWN,HGYN,,OB,P,HNF,P,AMB,SWN,AMB,SWN,,NF,P,NF,,Vac,,OB,P,HNF,P,Vac,,,ONC,HWD,ONC,,ONC,HWD,ONC,,ONC,HWD,ONC,,,GYN,,FLOAT,FLOAT,GYN,SWD,GYN,,GYN,SWD,AMB,SWN,AMB,SWN,,NF,P,NF,,OB,SWD,OB,HWN,Elective,,Elective,,,Elective,HWN,Elective,,HGYN,SWD,HGYN,,HGYN,,Vac,,,Vac,,HGYN,P,HNF,P,Swing,SWD,GYN,,GYN,,FLOAT,FLOAT
, ,,,,,,,,,,,,,,,,,,,,,,,,,,,,,,,,,,,,,,,,,,,,,,,,,,,,,,,,,,,,,,,,,,,,,,,,,,,,,,,,,,,,,,,,,,,,,,,,,,,,,,,,,,,
R3-1,Clare,Elective,,Elective,,Elective,,Elective,P,HNF,P,Vac,,,ONC,,ONC,HWD,ONC,,ONC,HWD,ONC,,ONC,HWD,,HGYN,,HGYN,HWN,AMB,SWN,AMB,SWN,NF,P,NF,,,OB,SWD,OB,,UG,HWN,UG,,UG,SWD,UG,,,Vac,,FLOAT,FLOAT,Vac,P,HNF,P,HGYN,,GYN,SWD,GYN,,,GYN,,GYN,SWD,AMB,SWN,AMB,SWN,NF,P,NF,,,OB,SWD,OB,,GYN,HWN,GYN,,Vac,P,HNF,P,,AMB,SWN,AMB,SWN,NF,P,NF,,OB,SWD,OB,,FLOAT,FLOAT
R3-2,Dana,UG,,UG,HWN,UG,,UG,,AMB,SWN,AMB,SWN,,NF,P,NF,,OB,SWD,OB,P,HNF,P,Vac,,,ONC,HWD,ONC,,ONC,HWD,ONC,,ONC,HWD,ONC,P,,HNF,P,Vac,,GYN,,GYN,SWD,GYN,,GYN,SWD,,AMB,SWN,FLOAT,FLOAT,AMB,SWN,NF,P,NF,,OB,,OB,SWD,,Elective,HWN,Elective,,Elective,,Elective,,HGYN,HWN,Vac,,,AMB,SWN,AMB,SWN,NF,P,NF,,OB,SWD,OB,,,HGYN,P,HNF,P,Vac,,HGYN,,GYN,,GYN,SWD,FLOAT,FLOAT
R3-3,Carson,OB,SWD,OB,P,HNF,P,HGYN,HWN,GYN,,GYN,SWD,,GYN,,GYN,P,HNF,P,Vac,,AMB,SWN,AMB,SWN,,NF,P,NF,,OB,SWD,OB,,HGYN,P,HNF,P,,ONC,,ONC,HWD,ONC,,ONC,HWD,ONC,,ONC,HWD,,Vac,,FLOAT,FLOAT,HGYN,,AMB,SWN,AMB,SWN,NF,P,NF,,,OB,SWD,OB,HWN,GYN,,GYN,SWD,Vac,,Vac,,,Elective,,Elective,,Elective,,Elective,,UG,HWN,UG,,,UG,SWD,UG,,AMB,SWN,AMB,SWN,NF,P,NF,,FLOAT,FLOAT
R3-4,Paige R,AMB,SWN,AMB,SWN,NF,P,NF,,OB,SWD,OB,,,Vac,,HGYN,SWD,GYN,,GYN,SWD,GYN,,GYN,SWD,,AMB,SWN,AMB,SWN,NF,P,NF,,OB,,OB,,,Elective,,Elective,,Elective,,Elective,,Vac,,Vac,,,ONC,,FLOAT,FLOAT,ONC,,ONC,HWD,ONC,,ONC,HWD,ONC,P,,HNF,P,HGYN,,HGYN,P,HNF,P,AMB,SWN,AMB,SWN,,NF,P,NF,,OB,SWD,OB,P,HNF,P,Vac,,,GYN,HWN,GYN,HWN,UG,,UG,HWD,UG,,UG,HWN,FLOAT,FLOAT
R3-5,Tiffany,HNF,P,Vac,,AMB,SWN,AMB,SWN,NF,P,NF,,,OB,SWD,OB,,Vac,,HGYN,HWN,HGYN,P,HNF,P,,GYN,,GYN,SWD,GYN,,GYN,SWD,UG,HWN,UG,,,UG,,UG,P,HNF,P,Vac,,AMB,SWN,AMB,SWN,,NF,P,FLOAT,FLOAT,NF,,OB,SWD,OB,HWN,Vac,,HGYN,,,ONC,,ONC,HWD,ONC,,ONC,HWD,ONC,,ONC,HWD,,GYN,,GYN,SWD,AMB,SWN,AMB,SWN,NF,P,NF,,,OB,,OB,SWD,Elective,,Elective,,Elective,,Elective,,FLOAT,FLOAT
R3-6,Alex,ONC,,ONC,HWD,ONC,,ONC,HWD,ONC,,ONC,HWD,,HGYN,P,HNF,P,HGYN,,Vac,,Vac,,HGYN,,,Elective,,Elective,,Elective,,Elective,HWN,AMB,SWN,AMB,SWN,,NF,P,NF,,OB,SWD,OB,,Vac,P,HNF,P,,GYN,,FLOAT,FLOAT,GYN,SWD,GYN,,GYN,SWD,AMB,SWN,AMB,SWN,,NF,P,NF,,OB,SWD,OB,,GYN,,GYN,SWD,,UG,,UG,HWN,UG,,UG,HWN,AMB,SWN,AMB,SWN,,NF,P,NF,,OB,SWD,OB,,Vac,P,HNF,P,FLOAT,FLOAT
R3-7,Emily Y,GYN,,GYN,SWD,GYN,,GYN,SWD,Elective,HWN,Elective,,,Elective,,Elective,,AMB,SWN,AMB,SWN,NF,P,NF,,,OB,SWD,OB,P,HNF,P,HGYN,,Vac,,Vac,SWD,,AMB,SWN,AMB,SWN,NF,P,NF,,OB,HWN,OB,,,UG,HWD,FLOAT,FLOAT,UG,,UG,HWN,UG,P,HNF,P,Vac,,,AMB,SWN,AMB,SWN,NF,P,NF,,OB,SWD,OB,,,Vac,,HGYN,P,HNF,P,HGYN,SWD,GYN,,GYN,SWD,,ONC,,ONC,HWD,ONC,,ONC,,ONC,,ONC,HWD,FLOAT,FLOAT
R3-8,Grace,NF,P,NF,,OB,SWD,OB,,Vac,,Vac,,,AMB,SWN,AMB,SWN,NF,P,NF,,OB,SWD,OB,,,UG,HWN,UG,,UG,HWN,UG,,GYN,SWD,GYN,,,GYN,,GYN,SWD,AMB,SWN,AMB,SWN,NF,P,NF,,,OB,SWD,FLOAT,FLOAT,OB,,Elective,,Elective,,Elective,,Elective,HWN,,HGYN,P,HNF,P,HGYN,,HGYN,P,HNF,P,Vac,,,ONC,HWD,ONC,,ONC,HWD,ONC,,ONC,HWD,ONC,P,,HNF,P,Vac,,GYN,,GYN,SWD,AMB,SWN,AMB,SWN,FLOAT,FLOAT
,,,,,,,,,,,,,,,,,,,,,,,,,,,,,,,,,,,,,,,,,,,,,,,,,,,,,,,,,,,,,,,,,,,,,,,,,,,,,,,,,,,,,,,,,,,,,,,,,,,,,,,,,,,,
R2-1,Ellie,AMB,SWN,AMB,SWN,NF,P,NF,,OB,SWD,OB,P,,HNF,P,Vac,,HHOB,P,HNF,P,HHOB,,HHOB,SWD,,GYN,,GYN,SWD,GYN,,GYN,SWD,AMB,SWN,AMB,SWN,,NF,P,NF,,OB,SWD,OB,,HGYN,,Vac,,,ONC,HWN,FLOAT,FLOAT,ONC,,ONC,HWD,ONC,,ONC,HWD,ONC,,,HHOB,HWN,HHOB,,AMB,SWN,AMB,SWN,NF,P,NF,,,OB,SWD,OB,,HHOB,HWD,Vac,,REI,HWD,REI,,,REI,HWD,REI,,Vac,,HGYN,HWN,GYN,,GYN,,FLOAT,FLOAT
R2-2,Kylie,HHOB,,HHOB,HWD,AMB,SWN,AMB,SWN,NF,P,NF,,,OB,SWD,OB,P,HNF,P,Vac,,REI,,REI,HWN,,REI,HWD,REI,,HHOB,HWD,HHOB,,Vac,P,HNF,P,,AMB,SWN,AMB,SWN,NF,P,NF,,OB,SWD,OB,,,GYN,,FLOAT,FLOAT,GYN,SWD,GYN,,GYN,SWD,HHOB,,HHOB,HWD,,Vac,,Vac,,GYN,,GYN,SWD,AMB,SWN,AMB,SWN,,NF,P,NF,,OB,SWD,OB,,HGYN,HWN,HGYN,,,ONC,,ONC,,ONC,HWD,ONC,,ONC,HWN,ONC,,FLOAT,FLOAT
R2-3,Emily F,Vac,P,HNF,P,HGYN,,HGYN,HWN,AMB,SWN,AMB,SWN,,NF,P,NF,,OB,SWD,OB,P,HNF,P,Vac,,,ONC,,ONC,HWD,ONC,,ONC,HWD,ONC,,ONC,HWD,,HHOB,,HHOB,SWD,AMB,SWN,AMB,SWN,NF,P,NF,,,OB,SWD,FLOAT,FLOAT,OB,,HHOB,,HHOB,HWD,GYN,,GYN,SWD,,GYN,,GYN,SWD,REI,,REI,HWN,REI,,REI,HWN,,AMB,SWN,AMB,SWN,NF,P,NF,,OB,SWD,OB,,,GYN,,GYN,HWD,Vac,,Vac,,HHOB,,HHOB,,FLOAT,FLOAT
R2-4,Sarah,ONC,HWD,ONC,,ONC,,ONC,HWD,ONC,,ONC,HWD,,AMB,SWN,AMB,SWN,NF,P,NF,,OB,SWD,OB,,,HHOB,HWN,HHOB,,Vac,P,HNF,P,GYN,,GYN,SWD,,GYN,,GYN,P,HNF,P,Vac,,AMB,SWN,AMB,SWN,,NF,P,FLOAT,FLOAT,NF,,OB,SWD,OB,,REI,,REI,HWN,,REI,,REI,,HHOB,HWN,HHOB,,Vac,,HGYN,HWD,,GYN,,GYN,SWD,AMB,SWN,AMB,SWN,NF,P,NF,,,OB,SWD,OB,,HHOB,,HHOB,HWD,HGYN,,Vac,SWD,FLOAT,FLOAT
R2-5,Olivia,HNF,P,Vac,,HHOB,HWD,HHOB,,GYN,,GYN,SWD,,GYN,,GYN,SWD,AMB,SWN,AMB,SWN,NF,P,NF,,,OB,SWD,OB,,REI,SWD,REI,,REI,HWN,REI,,,Vac,,Vac,,HHOB,HWD,HHOB,HWN,HGYN,P,HNF,P,,AMB,SWN,FLOAT,FLOAT,AMB,SWN,NF,P,NF,,OB,SWD,OB,,,ONC,,ONC,HWD,ONC,,ONC,HWD,ONC,,ONC,,,HHOB,HWD,HHOB,,GYN,,GYN,,AMB,SWN,AMB,SWN,,NF,P,NF,,OB,SWD,OB,,Vac,,HGYN,HWN,FLOAT,FLOAT
R2-6,JD,GYN,,GYN,SWD,GYN,,GYN,SWD,REI,HWN,REI,,,REI,HWD,REI,HWN,Vac,,HHOB,HWD,AMB,SWN,AMB,SWN,,NF,P,NF,,OB,,OB,,HHOB,HWD,HHOB,,,ONC,HWN,ONC,,ONC,,ONC,,ONC,,ONC,,,Vac,,FLOAT,FLOAT,HNF,P,AMB,SWN,AMB,SWN,NF,P,NF,,,OB,SWD,OB,,HGYN,HWD,HGYN,,HHOB,HWD,HHOB,P,,HNF,P,Vac,,Vac,,HHOB,SWD,GYN,,GYN,SWD,,AMB,SWN,AMB,SWN,NF,P,NF,,OB,SWD,OB,,FLOAT,FLOAT
R2-7,Malayna,OB,SWD,OB,P,HNF,P,Vac,,HHOB,HWD,HHOB,,,ONC,HWN,ONC,,ONC,HWD,ONC,,ONC,HWD,ONC,,,AMB,SWN,AMB,SWN,NF,P,NF,,OB,SWD,OB,,,Vac,P,HNF,P,GYN,,GYN,SWD,GYN,,GYN,SWD,,HHOB,,FLOAT,FLOAT,HHOB,HWD,HGYN,,HGYN,HWN,AMB,SWN,AMB,SWN,,NF,P,NF,,OB,SWD,OB,,GYN,,GYN,SWD,,REI,,REI,HWN,REI,,REI,,HHOB,,HHOB,HWD,,Vac,,Vac,,AMB,SWN,AMB,SWN,NF,P,NF,,FLOAT,FLOAT
R2-8,Anna,NF,P,NF,,OB,SWD,OB,P,HNF,P,HGYN,HWN,,HHOB,,HHOB,HWD,GYN,,GYN,SWD,GYN,,GYN,P,,HNF,P,Vac,,AMB,SWN,AMB,SWN,NF,P,NF,,,OB,SWD,OB,,Vac,,HGYN,HWD,HHOB,,HHOB,HWD,,REI,,FLOAT,FLOAT,REI,,REI,HWN,REI,,Vac,,Vac,,,AMB,SWN,AMB,SWN,NF,P,NF,,OB,SWD,OB,,,ONC,,ONC,HWD,ONC,,ONC,HWD,ONC,,ONC,HWN,,HHOB,,HHOB,SWD,GYN,,GYN,SWD,AMB,SWN,AMB,SWN,FLOAT,FLOAT
,,,,,,,,,,,,,,,,,,,,,,,,,,,,,,,,,,,,,,,,,,,,,,,,,,,,,,,,,,,,,,,,,,,,,,,,,,,,,,,,,,,,,,,,,,,,,,,,,,,,,,,,,,,,
R1-1,Manasa,ONC,,ONC,HWD,ONC,,ONC,HWD,ONC,,ONC,HWD,,HGYN,,Vac,,Vac,,Swing,HWD,HGYN,,HGYN,SWD,,HGYN,,Swing,HWN,AMB,SWN,AMB,SWN,NF,P,NF,,,OB,SWD,OB,,US,HWN,US,,US,,Vac,,,GYN,SWD,FLOAT,FLOAT,GYN,,GYN,,GYN,SWD,AMB,SWN,AMB,SWN,,NF,P,NF,,OB,,OB,,HGYN,HWN,HGYN,,,HGYN,P,HNF,P,GYN,SWD,GYN,,Vac,P,HNF,P,,AMB,SWN,AMB,SWN,NF,P,NF,,OB,SWD,OB,,FLOAT,FLOAT
R1-2,Mary,US,HWN,US,,US,,HGYN,,HGYN,SWD,Vac,,,ONC,HWD,ONC,,ONC,HWD,ONC,,ONC,HWN,ONC,,,AMB,SWN,AMB,SWN,NF,P,NF,,OB,SWD,OB,,,HGYN,HWD,HGYN,,GYN,,GYN,SWD,GYN,,GYN,SWD,,HNF,P,FLOAT,FLOAT,HGYN,HWN,AMB,SWN,AMB,SWN,NF,P,NF,,,OB,SWD,OB,,Vac,,Vac,P,HNF,P,Swing,,,GYN,SWD,GYN,,AMB,SWN,AMB,SWN,NF,P,NF,,,OB,,OB,P,HNF,P,Vac,,HGYN,HWD,HGYN,,FLOAT,FLOAT
R1-3,Gina,AMB,SWN,AMB,SWN,NF,P,NF,,OB,,OB,SWD,,HGYN,,US,HWD,US,,US,HWN,Vac,,Vac,,,ONC,HWD,ONC,,ONC,HWN,ONC,,ONC,HWD,ONC,,,AMB,SWN,AMB,SWN,NF,P,NF,,OB,SWD,OB,,,HGYN,HWD,FLOAT,FLOAT,HGYN,,Swing,,Vac,,GYN,SWD,GYN,,,GYN,,GYN,P,HNF,P,Swing,SWD,AMB,SWN,AMB,SWN,,NF,P,NF,,OB,,OB,SWD,HGYN,,HGYN,,,HGYN,HWN,HGYN,,GYN,SWD,GYN,,Vac,P,HNF,P,FLOAT,FLOAT
R1-4,Zhenya,HGYN,,HGYN,,AMB,SWN,AMB,SWN,NF,P,NF,,,OB,SWD,OB,,GYN,,GYN,SWD,GYN,,GYN,HWD,,Swing,,Vac,,Vac,,US,HWD,US,,US,HWN,,ONC,,ONC,HWN,ONC,,ONC,HWD,ONC,,ONC,HWN,,HGYN,,FLOAT,FLOAT,Swing,P,HNF,P,Vac,,HGYN,,HGYN,SWD,,AMB,SWN,AMB,SWN,NF,P,NF,,OB,SWD,OB,,,Vac,,HGYN,,HGYN,P,HNF,P,AMB,SWN,AMB,SWN,,NF,P,NF,,OB,,OB,SWD,GYN,,GYN,SWD,FLOAT,FLOAT
R1-5,Paige K,GYN,,GYN,SWD,GYN,,GYN,SWD,AMB,SWN,AMB,SWN,,NF,P,NF,,OB,SWD,OB,,US,,US,,,US,,HGYN,HWD,HGYN,,Vac,HWN,AMB,SWN,AMB,SWN,,NF,P,NF,,OB,SWD,OB,P,HNF,P,Vac,,,ONC,,FLOAT,FLOAT,ONC,,ONC,HWD,ONC,,ONC,HWN,ONC,,,HGYN,HWD,HGYN,,AMB,SWN,AMB,SWN,NF,P,NF,,,OB,,OB,SWD,HGYN,,HGYN,P,HNF,P,Vac,,,GYN,SWD,GYN,,HGYN,HWN,Swing,P,HNF,P,Vac,,FLOAT,FLOAT
R1-6,Liz,NF,P,NF,,OB,SWD,OB,,HGYN,HWD,HGYN,,,AMB,SWN,AMB,SWN,NF,P,NF,,OB,SWD,OB,,,GYN,,GYN,SWD,GYN,,GYN,SWD,Vac,,Vac,,,HGYN,,HGYN,HWD,AMB,SWN,AMB,SWN,NF,P,NF,,,OB,,FLOAT,FLOAT,OB,SWD,US,,US,,US,P,HNF,P,,ONC,,ONC,HWD,ONC,,ONC,HWD,ONC,,ONC,,,HGYN,HWN,HGYN,P,HNF,P,Vac,,GYN,SWD,GYN,P,,HNF,P,Swing,HWN,HGYN,,Vac,,AMB,SWN,AMB,SWN,FLOAT,FLOAT
R1-7,Erin,OB,SWD,OB,,Swing,HWD,HGYN,,GYN,,GYN,,,GYN,,GYN,SWD,AMB,SWN,AMB,SWN,NF,P,NF,,,OB,SWD,OB,,HGYN,HWD,HGYN,,HGYN,,HGYN,HWD,,Vac,,Vac,,HGYN,P,HNF,P,AMB,SWN,AMB,SWN,,NF,P,FLOAT,FLOAT,NF,,OB,SWD,OB,P,HNF,P,HGYN,,,Vac,,US,SWD,US,,US,HWN,GYN,,GYN,SWD,,ONC,,ONC,HWD,ONC,,ONC,HWN,ONC,,ONC,,,Swing,,Vac,,AMB,SWN,AMB,SWN,NF,P,NF,,FLOAT,FLOAT
R1-8,Lexi,Swing,HWD,HGYN,,HGYN,HWN,US,,US,,US,,,Vac,,Vac,,HGYN,HWN,HGYN,,AMB,SWN,AMB,SWN,,NF,P,NF,,OB,SWD,OB,,GYN,,GYN,SWD,,GYN,,GYN,SWD,Vac,,HGYN,,HGYN,HWD,HGYN,,,AMB,SWN,FLOAT,FLOAT,AMB,SWN,NF,P,NF,,OB,,OB,,,Swing,P,HNF,P,GYN,SWD,GYN,,Vac,P,HNF,P,,AMB,SWN,AMB,SWN,NF,P,NF,,OB,,OB,SWD,,ONC,,ONC,SWD,ONC,,ONC,HWD,ONC,,ONC,HWD,FLOAT,FLOAT