,Resident,2026-06-08,2026-06-13,2026-06-14,2026-06-15,2026-06-16,2026-06-17
,,2026-06-12,2026-06-13,2026-06-14,2026-06-15,2026-06-16,2026-06-17
Special Events,,,,,Mini retreat (chiefs cover to 8p),Rising R4 meeting (chiefs cover for R3 until 8p),Last Day for R4s
R4-1,Laura,Vac,OFF,HNF,HNF,HNF,P
R4-2,Young,OB,OFF,OFF,GYN - till 8p,GYN,GYN
R4-3,Carolyn,AMB,OFF,OFF,NF,NF,P
R4-4,Allie G,Elective,SWD,SWD,OB - till 8p,OB,OB
R4-5,Annie,HGYN,OFF,OFF,COB,OB - till 8p,OB
R4-6,Chima,ONC,OFF,OFF,ONC,ONC,ONC
R4-7,Ally Z,NF,P,P,GOG/Colpo,MFM,HGYN
R4-8,Emily K,GYN,OFF,OFF,HGYN - till 8p,HGYN,HGYN
,,,,,,,
R3-1,Clare,OB,OFF,OFF,GYN,GYN,OFF
R3-2,Dana,GYN,SWD,SWD,OFF,OFF,NF
R3-3,Carson,NF,OFF,OFF,ADMIN,OFF,OFF
R3-4,Paige R,UG,HWN,P,ADMIN,HGYN,GYN
R3-5,Tiffany,Elective,NF,NF,NF,NF,P
R3-6,Alex,HNF,P,OFF,OB,MFM,HNF
R3-7,Emily Y,ONC,HWD,HWD,HGYN,OFF,OFF
R3-8,Grace,AMB,NF,NF,P,OB,OB
,,,,,,,
R2-1,Ellie,GYN,OFF,OFF,OFF,OFF,OFF
R2-2,Kylie,ONC,OFF,OFF,GYN,GYN,NF
R2-3,Emily F,HHOB,OFF,OFF,ONC,ONC,ONC
R2-4,Sarah,Vac,SWD,SWD,GOG/colpo,OFF,OFF
R2-5,Olivia,HGYN,HWN ,HNF,P,MFM/pain,GYN
R2-6,JD,OB,OFF,OFF,OFF,NF,NF
R2-7,Malayna,NF,OFF,OFF,OB,OB,OB
R2-8,Anna,AMB,NF,NF,NF,P,OFF
,,,,,,,
R1-1,Manasa,OB,OFF,OFF,ONC,ONC,ONC
R1-2,Mary,HGYN,OFF,OFF,HHOB,HHOB,OFF
R1-3,Gina,HNF,P,OFF,OFF,HNF,HNF
R1-4,Zhenya,GYN,SWD,SWD,OB,OFF,OFF
R1-5,Paige K,Vac,OFF,HNF,HNF,P,OFF
R1-6,Liz,AMB,NF,NF,NF,NF,NF
R1-7,Erin,NF,OFF,OFF,COB,OFF,HHOB
R1-8,Lexi,ONC,HWD,HWD,OFF,HGYN,HGYN
