,Resident,2026-06-18,2026-06-19,2026-06-20,2026-06-21,2026-06-22,2026-06-23,2026-06-24,2026-06-25,2026-06-26,2026-06-27,2026-06-28,2026-06-29,2026-07-04
,,2026-06-18,2026-06-19,2026-06-20,2026-06-21,2026-06-22,2026-06-23,2026-06-24,2026-06-25,2026-06-26,2026-06-27,2026-06-28,2026-07-03,2026-07-05
Special Events,,,"OR HOLIDAY, NO TB",Graduation,,,,,,,,,Start of schedule,
R4-1,Paige R,ADMIN/MFM,OFF,OFF,OFF,OB,OB,OB,OB,OFF,HWN,P,HGYN,HWN
R4-2,Grace,OB,OFF,HWN,HNF,HNF,HNF,HNF,P,OFF,OFF,OFF,AMB,SWN
R4-3,Emily Y,ONC,HWD,HWD,HWD,NF,NF,NF,NF,P,OFF,OFF,GYN,SWD
R4-4,Dana,NF,NF,P,OFF,ONC,ONC,ONC,ONC,ONC,OFF,SWD,OB,OFF
R4-5,Alex,HNF,P,OFF,OFF,GYN,GYN,OFF,OFF,NF,NF,NF,NF,P
R4-6,Clare,GYN,OFF,SWD,SWD,COB,MFM,OFF,HNF,HNF,P,OFF,ONC,HWD
R4-7,Carson,ADMIN/MFM,SWD,NF,NF,NF,P,OFF,OFF,OB,SWD,SWD,Elective,OFF
R4-8,Tiffany,OFF,HNF,P,OFF,OFF,OFF,GYN,GYN,GYN,HWD,HWD,Swing,P
,,,,,,,,,,,,,,
R3-1,Ellie,NF,NF,P,OFF,ONC,ONC,HGYN,HGYN,HGYN,HWD,HWD,ONC,OFF
R3-2,Anna,GYN,OFF,SWD,SWD,OB,OB,OB,OB,OB,OFF,OFF,GYN,
R3-3,Sarah,HGYN,SWD,SWD,SWD,GYN,GYN,GYN,GYN,GYN,OFF,OFF,AMB,SWN
R3-4,Malayna,OB,OFF,OFF,OFF,HGYN,HGYN,ONC,ONC,ONC,OFF,HNF,HNF,P
R3-5,JD,NF,NF,P,OFF,COB,MFM/pain,OFF,MFM PM,NF,NF,NF,NF,P
R3-6,Olivia,GYN,OFF,OFF,NF,NF,NF,NF,NF,P,OFF,SWD,UG,
R3-7,Kylie,P,OFF,OFF,OFF,OB,OB,OB,OB,OB,SWD,OFF,OB,SWD
R3-8,Emily F,ONC,OFF,NF,P,GOG/Colpo,NF,NF,NF,P,OFF,OFF,Vac,
,,,,,,,,,,,,,,
R2-1,Lexi,HGYN,HWD,OFF,OFF,HHOB,HHOB,HHOB,HHOB,HHOB,OFF,OFF,AMB,SWN
R2-2,Erin,OB,OFF,OFF,OFF,GYN,GYN,NF,NF,NF,NF,P,HHOB,
R2-3,Paige K,OB,SWD,NF,NF,P,OFF,GYN,GYN,GYN,SWD,OFF,HGYN,P
R2-4,Mary,HHOB,SWD,NF,NF,NF,NF,P,OFF,HGYN,OFF,OFF,ONC,HWD
R2-5,Gina,P,OFF,SWD,OFF,OB,OB,OB,OB,OB,P,HNF,HNF,P
R2-6,Liz,P,OFF,OFF,OFF,GOG/colpo,MFM,HGYN,HGYN,OFF,SWD,SWD,GYN,
R2-7,Zhenya,NF,NF,P,SWD,ONC,ONC,ONC,ONC,ONC,OFF,OFF,OB,SWD
R2-8,Manasa,ONC,OFF,OFF,HWD,HGYN,HGYN,OFF,MFM PM,OFF,OFF,NF,NF,P
,,,,,,,,,,,,,,
R1-1,Hannah,,,,,Orient,Orient,ONC (orient),HHOB (orient),ONC (orient),OFF,HWD,ONC,OFF
R1-2,Morolayo,,,,,,,HHOB (orient),GYN (orient),HGYN (orient),OFF,OFF,US,HWN
R1-3,Hildegard,,,,,,,OB (orient),HGYN (orient),GYN (orient),SWD,OFF,AMB,SWN
R1-4,Ellen,,,,,,,HHOB (orient),HGYN (orient),HHOB (orient),HWD,OFF,HGYN,HWD
R1-5,Alexa,,,,,,,OB (orient),GYN (orient),OB (orient),OFF,SWD,GYN,OFF
R1-6,Anna B,,,,,,,GYN (orient),OB (orient),NF,NF,NF,NF,P
R1-7,Carolyn R,,,,,,,GYN (orient),OB (orient),OB (orient),OFF,OFF,OB,SWD
R1-8,Jake,,,,,,,HGYN (orient),HHOB (orient),HHOB (orient),OFF,HNF,HNF,P
