 ,Resident,2026-06-18,2026-06-19,2026-06-20,2026-06-21,2026-06-22,2026-06-23,2026-06-24,2026-06-25,2026-06-26,2026-06-27,2026-06-28,2026-06-29,2026-07-04,2026-07-06,2026-07-11,2026-07-13,2026-07-18,2026-07-20,2026-07-25,2026-07-27,2026-08-01,2026-08-03,2026-08-08,,2026-08-10,2026-08-15,2026-08-17,2026-08-22,2026-08-24,2026-08-29,2026-08-31,2026-09-05,2026-09-07,2026-09-12,2026-09-14,2026-09-19,,2026-09-21,2026-09-26,2026-09-28,2026-10-03,2026-10-05,2026-10-10,2026-10-12,2026-10-17,2026-10-19,2026-10-24,2026-10-26,2026-10-31,,2026-11-02,2026-11-07,2026-11-09,2026-11-14,2026-11-16,2026-11-21,2026-11-23,2026-11-28,2026-11-30,2026-12-05,2026-12-07,2026-12-12,,2026-12-14,2026-12-19,2026-12-21,2026-12-28,2027-01-04,2027-01-09,2027-01-11,2027-01-16,2027-01-18,2027-01-23,2027-01-25,2027-01-30,2027-02-01,2027-02-06,,2027-02-08,2027-02-13,2027-02-15,2027-02-20,2027-02-22,2027-02-27,2027-03-01,2027-03-06,2027-03-08,2027-03-13,2027-03-15,2027-03-20,,2027-03-22,2027-03-27,2027-03-29,2027-04-03,2027-04-05,2027-04-10,2027-04-12,2027-04-17,2027-04-19,2027-04-24,2027-04-26,2027-05-01,,2027-05-03,2027-05-08,2027-05-10,2027-05-15,2027-05-17,2027-05-22,2027-05-24,2027-05-29,2027-05-31,2027-06-05,2027-06-07,2027-06-12,2027-06-14,2027-06-21
,,2026-06-18,2026-06-19,2026-06-20,2026-06-21,2026-06-22,2026-06-23,2026-06-24,2026-06-25,2026-06-26,2026-06-27,2026-06-28,2026-07-03,2026-07-05,2026-07-10,2026-07-12,2026-07-17,2026-07-19,2026-07-24,2026-07-26,2026-07-31,2026-08-02,2026-08-07,2026-08-09,,2026-08-14,2026-08-16,2026-08-21,2026-08-23,2026-08-28,2026-08-30,2026-09-04,2026-09-06,2026-09-11,2026-09-13,2026-09-18,2026-09-20,,2026-09-25,2026-09-27,2026-10-02,2026-10-04,2026-10-09,2026-10-11,2026-10-16,2026-10-18,2026-10-23,2026-10-25,2026-10-30,2026-11-01,,2026-11-06,2026-11-08,2026-11-13,2026-11-15,2026-11-20,2026-11-22,2026-11-27,2026-11-29,2026-12-04,2026-12-06,2026-12-11,2026-12-13,,2026-12-18,2026-12-20,2026-12-27,2027-01-03,2027-01-08,2027-01-10,2027-01-15,2027-01-17,2027-01-22,2027-01-24,2027-01-29,2027-01-31,2027-02-05,2027-02-07,,2027-02-12,2027-02-14,2027-02-19,2027-02-21,2027-02-26,2027-02-28,2027-03-05,2027-03-07,2027-03-12,2027-03-14,2027-03-19,2027-03-21,,2027-03-26,2027-03-28,2027-04-02,2027-04-04,2027-04-09,2027-04-11,2027-04-16,2027-04-18,2027-04-23,2027-04-25,2027-04-30,2027-05-02,,2027-05-07,2027-05-09,2027-05-14,2027-05-16,2027-05-21,2027-05-23,2027-05-28,2027-05-30,2027-06-04,2027-06-06,2027-06-11,2027-06-13,2027-06-20,2027-06-27
Special Events,,,"OR HOLIDAY, NO TB",Graduation,,,,,,,,,,,,,,,,,,,,,,,,,,,,,,,,Retreat,,,,,,,,,,,,,,,,,,,,,,TG,TG,,,,,,,,,,,,,,CREOGS,,,,Intern App,,,,,,,,,,,,,,,,,,,,,,,,,,,,,,,,,,,Research Day,,,,,,,
R4-1,Paige R,ADMIN/MFM,OFF,OFF,OFF,OB,OB,OB,OB,OFF,HWN,P,HGYN,HWN,HGYN,P,HNF,P,HGYN,,Vac,,Vac,HWD, ,GYN,,GYN,SWD,Elective,,Elective,,Elective,,Elective,HWN,,AMB,SWN,AMB,SWN,NF,P,NF,P,OB,SWD,OB,,,GYN,SWD,GYN,,GYN,SWD,GYN,P,HNF,P,Vac,,,ONC,,FLOAT,FLOAT,ONC,HWD,ONC,,ONC,,ONC,,ONC,HWD,,AMB,SWN,AMB,SWN,NF,P,NF,P,OB,SWD,OB,,,AMB,SWN,AMB,SWN,NF,P,NF,P,OB,SWD,OB,,,HGYN,,VAC,,SWING,P,HNF,P,HGYN,,HGYN,HWN,FLOAT,FLOAT
R4-2,Grace,OB,OFF,HWN,HNF,HNF,HNF,HNF,P,OFF,OFF,OFF,AMB,SWN,AMB,SWN,NF,P,NF,P,OB,SWD,OB,P, ,HNF,P,HGYN,,HGYN,SWD,HGYN,,GYN,SWD,GYN,,,GYN,SWD,GYN,,Vac,,Vac,,HGYN,P,HNF,P,,ONC,HWD,ONC,,ONC,HWD,ONC,,ONC,HWD,ONC,,,AMB,SWN,FLOAT,FLOAT,AMB,SWN,NF,P,NF,P,OB,HWN,OB,,,VAC,,Elective,,Elective,HWN,Elective,,Elective,P,HNF,P,,GYN,SWD,GYN,,AMB,SWN,AMB,SWN,NF,P,NF,P,,OB,SWD,OB,,VAC,,HGYN,HWN,HGYN,,SWING,,FLOAT,FLOAT
R4-3,Emily Y,ONC,HWD,HWD,HWD,NF,NF,NF,NF,P,OFF,OFF,GYN,SWD,GYN,,GYN,,GYN,SWD,Elective,,Elective,HWN, ,Elective,,Elective,P,HNF,P,Vac,,AMB,SWN,AMB,SWN,,NF,P,NF,P,OB,SWD,OB,,Vac,,Vac,,,HGYN,HWN,HGYN,,HGYN,P,HNF,P,AMB,SWN,AMB,SWN,,NF,P,FLOAT,FLOAT,NF,P,OB,,OB,SWD,GYN,,GYN,SWD,,ONC,,ONC,HWD,ONC,,ONC,HWD,ONC,,ONC,HWD,,HGYN,,HGYN,P,HNF,P,Vac,,SWING,HWN,HGYN,,,AMB,SWN,AMB,SWN,NF,P,NF,P,OB,SWD,OB,,FLOAT,FLOAT
R4-4,Dana,NF,NF,P,OFF,ONC,ONC,ONC,ONC,ONC,OFF,SWD,OB,,OB,SWD,Swing,,Vac,P,HNF,P,HGYN,, ,ONC,HWD,ONC,,ONC,HWD,ONC,,ONC,HWD,ONC,,,Vac,,HGYN,HWN,AMB,SWN,AMB,SWN,NF,P,NF,P,,OB,,OB,SWD,Elective,,Elective,,Elective,,Elective,HWN,,HGYN,,FLOAT,FLOAT,HNF,P,GYN,SWD,GYN,,AMB,SWN,AMB,SWN,,NF,P,NF,P,OB,SWD,OB,,HGYN,,Vac,,,Vac,P,HNF,P,GYN,,GYN,SWD,GYN,,GYN,SWD,,HGYN,HWN,HGYN,,AMB,SWN,AMB,SWN,NF,P,NF,P,FLOAT,FLOAT
R4-5,Alex,HNF,P,OFF,OFF,GYN,GYN,OFF,OFF,NF,NF,NF,NF,P,NF,P,OB,SWD,OB,,GYN,,GYN,SWD, ,HGYN,,Vac,HWN,AMB,SWN,AMB,SWN,NF,P,NF,P,,OB,,OB,SWD,HGYN,P,HNF,P,HGYN,,HGYN,,,SWING,P,HNF,P,HGYN,HWN,Elective,,Elective,,HGYN,P,,HNF,P,FLOAT,FLOAT,Vac,,AMB,SWN,AMB,SWN,NF,P,NF,P,,OB,,OB,SWD,GYN,,GYN,SWD,GYN,,GYN,SWD,,ONC,,ONC,HWD,ONC,,ONC,HWD,ONC,,ONC,HWD,,Elective,,Elective,HWN,VAC,,VAC,,AMB,SWN,AMB,SWN,FLOAT,FLOAT
R4-6,Clare,GYN,OFF,SWD,SWD,COB,MFM,OFF,HNF,HNF,P,OFF,ONC,HWD,ONC,,ONC,HWD,ONC,,ONC,HWD,ONC,, ,AMB,SWN,AMB,SWN,NF,P,NF,P,OB,,OB,SWD,,HGYN,,Vac,,GYN,,GYN,SWD,GYN,,GYN,SWD,,AMB,SWN,AMB,SWN,NF,P,NF,P,OB,SWD,OB,,,SWING,,FLOAT,FLOAT,HGYN,P,HNF,P,HGYN,,Vac,P,HNF,P,,HGYN,HWN,HGYN,,HGYN,P,HNF,P,Elective,,Elective,HWN,,Elective,,Elective,HWN,Vac,,Vac,,AMB,SWN,AMB,SWN,,NF,P,NF,P,OB,SWD,OB,,GYN,,GYN,SWD,FLOAT,FLOAT
R4-7,Carson,ADMIN/MFM,SWD,NF,NF,NF,P,OFF,OFF,OB,SWD,SWD,Elective,,Elective,,HGYN,P,HNF,P,AMB,SWN,AMB,SWN, ,NF,P,NF,P,OB,HWN,OB,P,HNF,P,HGYN,HWD,,Elective,HWN,Elective,,Vac,,Vac,HWN,AMB,SWN,AMB,SWN,,NF,P,NF,P,OB,,OB,,GYN,,GYN,SWD,,GYN,,FLOAT,FLOAT,GYN,SWD,HGYN,P,HNF,P,HGYN,SWD,Vac,,,GYN,SWD,GYN,,AMB,SWN,AMB,SWN,NF,P,NF,,,OB,,OB,SWD,Swing,,HGYN,,HGYN,,Vac,,,ONC,HWD,ONC,,ONC,HWD,ONC,,ONC,HWD,ONC,,FLOAT,FLOAT
R4-8,Tiffany,OFF,HNF,P,OFF,OFF,OFF,GYN,GYN,GYN,HWD,HWD,Swing,P,HNF,P,AMB,SWN,AMB,SWN,NF,P,NF,P, ,OB,SWD,OB,,GYN,,GYN,SWD,HGYN,P,HNF,P,,ONC,HWD,ONC,,ONC,HWD,ONC,,ONC,HWD,ONC,HWN,,HGYN,,Vac,,AMB,SWN,AMB,SWN,NF,P,NF,P,,OB,SWD,FLOAT,FLOAT,OB,,Elective,HWN,Elective,,Elective,,Elective,,,Vac,,HGYN,HWN,HGYN,,HGYN,,AMB,SWN,AMB,SWN,,NF,P,NF,P,OB,SWD,OB,,HGYN,P,HNF,P,,GYN,,GYN,SWD,GYN,,GYN,SWD,Vac,,Vac,,FLOAT,FLOAT
, ,,,,,,,,,,,,,,,,,,,,,,,,,,,,,,,,,,,,,,,,,,,,,,,,,,,,,,,,,,,,,,,,,,,,,,,,,,,,,,,,,,,,,,,,,,,,,,,,,,,,,,,,,,,,,,,,,,,,,,
R3-1,Ellie,NF,NF,P,OFF,ONC,ONC,HGYN,HGYN,HGYN,HWD,HWD,ONC,,ONC,HWD,ONC,,ONC,HWD,ONC,,Elective,,,Elective,,Elective,,Elective,,HGYN,HWN,HGYN,,Vac,,,Vac,P,HNF,P,AMB,SWN,AMB,SWN,NF,P,NF,P,,OB,SWD,OB,P,HNF,P,HGYN,HWN,GYN,,GYN,SWD,,UG,HWN,FLOAT,FLOAT,UG,,UG,,UG,HWD,AMB,SWN,AMB,SWN,,NF,P,NF,P,OB,,OB,SWD,HGYN,,Vac,P,,HNF,P,Vac,,GYN,,GYN,SWD,GYN,,GYN,SWD,,AMB,SWN,AMB,SWN,NF,P,NF,P,OB,,OB,SWD,FLOAT,FLOAT
R3-2,Anna,GYN,OFF,SWD,SWD,OB,OB,OB,OB,OB,OFF,OFF,GYN,,GYN,SWD,HGYN,,Vac,,UG,,UG,,,UG,HWN,UG,,AMB,SWN,AMB,SWN,NF,P,NF,P,,OB,SWD,OB,,Elective,,Elective,,Elective,SWD,Elective,,,ONC,,ONC,HWD,ONC,,ONC,HWD,ONC,,ONC,HWD,,Vac,,FLOAT,FLOAT,HGYN,,AMB,SWN,AMB,SWN,NF,P,NF,P,,OB,SWD,OB,P,HNF,P,HGYN,HWN,GYN,,GYN,SWD,,GYN,HWN,GYN,,Vac,P,HNF,P,AMB,SWN,AMB,SWN,,NF,P,NF,P,OB,SWD,OB,,Vac,P,HNF,P,FLOAT,FLOAT
R3-3,Sarah,HGYN,SWD,SWD,SWD,GYN,GYN,GYN,GYN,GYN,OFF,OFF,AMB,SWN,AMB,SWN,NF,P,NF,P,OB,SWD,OB,,,GYN,,GYN,SWD,GYN,,GYN,SWD,UG,HWN,UG,,,UG,,UG,P,HNF,P,HGYN,,AMB,SWN,AMB,SWN,,NF,P,NF,P,OB,SWD,OB,,Vac,,HNF,P,,ONC,HWD,FLOAT,FLOAT,ONC,,ONC,HWD,ONC,,ONC,HWD,ONC,P,,HNF,P,Vac,,AMB,SWN,AMB,SWN,NF,P,NF,P,,OB,SWD,OB,,HGYN,HWN,HGYN,,Vac,,Vac,,,GYN,,GYN,SWD,Elective,,Elective,,Elective,HWN,Elective,,FLOAT,FLOAT
R3-4,Malayna,OB,OFF,OFF,OFF,HGYN,HGYN,ONC,ONC,ONC,OFF,HNF,HNF,P,Vac,,GYN,,GYN,SWD,GYN,,GYN,SWD,,AMB,SWN,AMB,SWN,NF,P,NF,P,OB,SWD,OB,,,ONC,,ONC,HWD,ONC,,ONC,HWD,ONC,,ONC,HWD,,Elective,,Elective,HWN,Elective,,Elective,,AMB,SWN,AMB,SWN,,NF,P,FLOAT,FLOAT,NF,P,OB,,OB,SWD,UG,,UG,HWN,,UG,,UG,,GYN,SWD,GYN,P,HNF,P,HGYN,,,Vac,,Vac,,AMB,SWN,AMB,SWN,NF,P,NF,P,,OB,SWD,OB,,HGYN,HWN,HGYN,P,HNF,P,Vac,,FLOAT,FLOAT
R3-5,JD,NF,NF,P,OFF,COB,MFM/pain,OFF,MFM PM,NF,NF,NF,NF,P,NF,P,OB,SWD,OB,,HGYN,P,HNF,P,,ONC,,ONC,HWD,ONC,,ONC,HWD,ONC,,ONC,,,AMB,SWN,AMB,SWN,NF,P,NF,P,OB,HWN,OB,,,Vac,,Vac,,UG,,UG,SWD,UG,HWN,UG,,,GYN,SWD,FLOAT,FLOAT,GYN,,GYN,SWD,GYN,P,HNF,P,HGYN,,,AMB,SWN,AMB,SWN,NF,P,NF,P,OB,SWD,OB,,,Vac,,Elective,SWD,Elective,,Elective,HWN,Elective,,Vac,P,,HNF,P,HGYN,,GYN,,GYN,SWD,AMB,SWN,AMB,SWN,FLOAT,FLOAT
R3-6,Olivia,GYN,OFF,OFF,NF,NF,NF,NF,NF,P,OFF,SWD,UG,,UG,HWN,UG,,UG,HWN,AMB,SWN,AMB,SWN,,NF,P,NF,P,OB,SWD,OB,,Vac,,HGYN,P,,HNF,P,HGYN,SWD,GYN,,GYN,SWD,GYN,,GYN,P,,HNF,P,Vac,,AMB,SWN,AMB,SWN,NF,P,NF,P,,OB,,FLOAT,FLOAT,OB,SWD,Elective,,Elective,HWN,Elective,,Elective,,,ONC,HWD,ONC,,ONC,HWD,ONC,,ONC,HWD,ONC,,,AMB,SWN,AMB,SWN,NF,P,NF,P,OB,SWD,OB,,,Vac,,Vac,P,HNF,P,HGYN,,GYN,SWD,GYN,,FLOAT,FLOAT
R3-7,Kylie,P,OFF,OFF,OFF,OB,OB,OB,OB,OB,SWD,OFF,OB,SWD,OB,,Elective,HWN,Elective,,Elective,HWN,Elective,,,HGYN,P,HNF,P,Vac,,Vac,,AMB,SWN,AMB,SWN,,NF,P,NF,P,OB,SWD,OB,P,HNF,P,HGYN,,,GYN,,GYN,SWD,GYN,,GYN,SWD,HGYN,,Vac,,,AMB,SWN,FLOAT,FLOAT,AMB,SWN,NF,P,NF,P,OB,,OB,SWD,,GYN,,GYN,SWD,UG,,UG,,UG,HWN,UG,,,ONC,HWD,ONC,,ONC,HWD,ONC,,ONC,HWD,ONC,,,Vac,P,HNF,P,AMB,SWN,AMB,SWN,NF,P,NF,P,FLOAT,FLOAT
R3-8,Emily F,ONC,OFF,NF,P,GOG/Colpo,NF,NF,NF,P,OFF,OFF,Vac,,HGYN,,AMB,SWN,AMB,SWN,NF,P,NF,P,,OB,SWD,OB,,HGYN,P,HNF,P,GYN,,GYN,SWD,,GYN,,GYN,,UG,HWN,UG,,UG,,UG,SWD,,AMB,SWN,AMB,SWN,NF,P,NF,P,OB,SWD,OB,,,Elective,,FLOAT,FLOAT,Elective,HWN,Elective,,Elective,,GYN,SWD,GYN,,,HGYN,P,HNF,P,Vac,,Vac,,AMB,SWN,AMB,SWN,,NF,P,NF,P,OB,SWD,OB,P,HNF,P,Vac,HWN,,ONC,,ONC,HWD,ONC,,ONC,HWD,ONC,,ONC,HWD,FLOAT,FLOAT
,,,,,,,,,,,,,,,,,,,,,,,,,,,,,,,,,,,,,,,,,,,,,,,,,,,,,,,,,,,,,,,,,,,,,,,,,,,,,,,,,,,,,,,,,,,,,,,,,,,,,,,,,,,,,,,,,,,,,,,
R2-1,Lexi,HGYN,HWD,OFF,OFF,HHOB,HHOB,HHOB,HHOB,HHOB,OFF,OFF,AMB,SWN,AMB,SWN,NF,P,NF,P,OB,SWD,OB,P,,HNF,P,Vac,,HHOB,P,HNF,P,HHOB,,HHOB,SWD,,GYN,,GYN,SWD,GYN,,GYN,SWD,AMB,SWN,AMB,SWN,,NF,P,NF,P,OB,,OB,SWD,HGYN,,Vac,,,ONC,HWN,FLOAT,FLOAT,ONC,,ONC,HWD,ONC,,ONC,HWD,ONC,,,HHOB,,HHOB,,AMB,SWN,AMB,SWN,NF,P,NF,P,,OB,SWD,OB,,HHOB,HWD,Vac,,REI,HWD,REI,,,REI,HWD,REI,,Vac,,HGYN,HWN,GYN,,GYN,,FLOAT,FLOAT
R2-2,Erin,OB,OFF,OFF,OFF,GYN,GYN,NF,NF,NF,NF,P,HHOB,,HHOB,HWD,AMB,SWN,AMB,SWN,NF,P,NF,P,,OB,SWD,OB,P,HNF,P,Vac,,REI,HWN,REI,,,REI,HWD,REI,,HHOB,HWD,HHOB,,Vac,P,HNF,P,,AMB,SWN,AMB,SWN,NF,P,NF,P,OB,SWD,OB,,,GYN,,FLOAT,FLOAT,GYN,SWD,GYN,,GYN,SWD,HHOB,,HHOB,HWD,,Vac,,Vac,,GYN,,GYN,SWD,AMB,SWN,AMB,SWN,,NF,P,NF,P,OB,SWD,OB,,HGYN,HWN,HGYN,,,ONC,,ONC,,ONC,HWD,ONC,,ONC,,ONC,,FLOAT,FLOAT
R2-3,Paige K,OB,SWD,NF,NF,P,OFF,GYN,GYN,GYN,SWD,OFF,HGYN,P,HNF,P,Vac,,HGYN,HWN,AMB,SWN,AMB,SWN,,NF,P,NF,P,OB,SWD,OB,P,HNF,P,Vac,,,ONC,,ONC,HWD,ONC,,ONC,HWD,ONC,,ONC,HWD,,HHOB,HWN,HHOB,,AMB,SWN,AMB,SWN,NF,P,NF,P,,OB,SWD,FLOAT,FLOAT,OB,,HHOB,,HHOB,HWD,GYN,,GYN,SWD,,GYN,,GYN,SWD,REI,,REI,,REI,,REI,,,AMB,SWN,AMB,SWN,NF,P,NF,P,OB,SWD,OB,,,GYN,,GYN,HWD,HHOB,,Vac,,Vac,,HHOB,SWD,FLOAT,FLOAT
R2-4,Mary,HHOB,SWD,NF,NF,NF,NF,P,OFF,HGYN,OFF,OFF,ONC,HWD,ONC,,ONC,,ONC,HWD,ONC,,ONC,HWD,,AMB,SWN,AMB,SWN,NF,P,NF,P,OB,SWD,OB,,,HHOB,SWD,HHOB,,Vac,P,HNF,P,GYN,HWN,GYN,,,GYN,SWD,GYN,P,HNF,P,Vac,,AMB,SWN,AMB,SWN,,NF,P,FLOAT,FLOAT,NF,P,OB,SWD,OB,,REI,,REI,,,REI,,REI,,HHOB,HWN,HHOB,,Vac,,HGYN,HWD,,GYN,,GYN,SWD,AMB,SWN,AMB,SWN,NF,P,NF,P,,OB,SWD,OB,,HGYN,,HHOB,HWD,HHOB,,Vac,,FLOAT,FLOAT
R2-5,Gina,P,OFF,SWD,OFF,OB,OB,OB,OB,OB,P,HNF,HNF,P,Vac,,HHOB,HWD,HHOB,,GYN,,GYN,SWD,,GYN,,GYN,SWD,AMB,SWN,AMB,SWN,NF,P,NF,P,,OB,HWN,OB,,REI,SWD,REI,,REI,,REI,SWD,,Vac,,Vac,,HHOB,HWD,HHOB,P,HNF,P,HGYN,,,AMB,SWN,FLOAT,FLOAT,AMB,SWN,NF,P,NF,P,OB,SWD,OB,,,ONC,HWN,ONC,,ONC,HWD,ONC,,ONC,HWD,ONC,,,HHOB,HWD,HHOB,,GYN,,GYN,,AMB,SWN,AMB,SWN,,NF,P,NF,P,OB,SWD,OB,,Vac,,HGYN,,FLOAT,FLOAT
R2-6,Liz,P,OFF,OFF,OFF,GOG/colpo,MFM,HGYN,HGYN,OFF,SWD,SWD,GYN,,GYN,SWD,GYN,,GYN,SWD,REI,HWN,REI,,,REI,,REI,HWN,Vac,,HHOB,HWD,AMB,SWN,AMB,SWN,,NF,P,NF,P,OB,,OB,,HHOB,HWD,HHOB,,,ONC,HWD,ONC,,ONC,,ONC,,ONC,,ONC,HWD,,Vac,,FLOAT,FLOAT,HNF,P,AMB,SWN,AMB,SWN,NF,P,NF,P,,OB,SWD,OB,,HGYN,,HGYN,HWD,HHOB,,HHOB,P,,HNF,P,Vac,,Vac,,HHOB,SWD,GYN,,GYN,SWD,,AMB,SWN,AMB,SWN,NF,P,NF,P,OB,SWD,OB,,FLOAT,FLOAT
R2-7,Zhenya,NF,NF,P,SWD,ONC,ONC,ONC,ONC,ONC,OFF,OFF,OB,SWD,OB,P,HNF,P,Vac,,HHOB,HWD,HHOB,,,ONC,HWN,ONC,,ONC,HWD,ONC,,ONC,HWD,ONC,,,AMB,SWN,AMB,SWN,NF,P,NF,P,OB,SWD,OB,,,Vac,P,HNF,P,GYN,SWD,GYN,,GYN,,GYN,SWD,,HHOB,,FLOAT,FLOAT,HHOB,HWD,HGYN,,HGYN,,AMB,SWN,AMB,SWN,,NF,P,NF,P,OB,SWD,OB,,GYN,,GYN,SWD,,REI,,REI,HWN,REI,,REI,,HHOB,,HHOB,HWD,,Vac,,Vac,,AMB,SWN,AMB,SWN,NF,P,NF,P,FLOAT,FLOAT
R2-8,Manasa,ONC,OFF,OFF,HWD,HGYN,HGYN,OFF,MFM PM,OFF,OFF,NF,NF,P,NF,P,OB,SWD,OB,P,HNF,P,HGYN,HWN,,HHOB,,HHOB,HWD,GYN,,GYN,SWD,GYN,,GYN,P,,HNF,P,Vac,,AMB,SWN,AMB,SWN,NF,P,NF,P,,OB,,OB,SWD,Vac,,HGYN,,HHOB,HWD,HHOB,,,REI,HWD,FLOAT,FLOAT,REI,,REI,,REI,,Vac,,Vac,,,AMB,SWN,AMB,SWN,NF,P,NF,P,OB,SWD,OB,,,ONC,,ONC,HWD,ONC,,ONC,HWD,ONC,,ONC,HWN,,HHOB,,HHOB,SWD,GYN,,GYN,SWD,AMB,SWN,AMB,SWN,FLOAT,FLOAT
,,,,,,,,,,,,,,,,,,,,,,,,,,,,,,,,,,,,,,,,,,,,,,,,,,,,,,,,,,,,,,,,,,,,,,,,,,,,,,,,,,,,,,,,,,,,,,,,,,,,,,,,,,,,,,,,,,,,,,,
R1-1,Hannah,,,,,Orient,Orient,ONC (orient),HHOB (orient),ONC (orient),OFF,HWD,ONC,,ONC,HWD,ONC,,ONC,HWD,ONC,,ONC,,,Swing,HWD,HGYN,,Vac,,Vac,,HGYN,,HGYN,SWD,,HGYN,,Swing,HWN,AMB,SWN,AMB,SWN,NF,P,NF,P,,OB,SWD,OB,,US,HWN,US,,US,HWN,Vac,,,GYN,SWD,FLOAT,FLOAT,GYN,,GYN,,GYN,SWD,AMB,SWN,AMB,SWN,,NF,P,NF,P,OB,,OB,HWN,HGYN,,HGYN,,,HGYN,P,HNF,P,GYN,SWD,GYN,,Vac,P,HNF,P,,AMB,SWN,AMB,SWN,NF,P,NF,P,OB,SWD,OB,,FLOAT,FLOAT
R1-2,Morolayo,,,,,,,HHOB (orient),GYN (orient),HGYN (orient),OFF,OFF,US,HWN,US,,US,,HGYN,,HGYN,SWD,Vac,,,ONC,,ONC,HWD,ONC,,ONC,HWD,ONC,,ONC,,,AMB,SWN,AMB,SWN,NF,P,NF,P,OB,SWD,OB,,,HGYN,HWD,HGYN,,GYN,SWD,GYN,,GYN,SWD,GYN,P,,HNF,P,FLOAT,FLOAT,HGYN,HWN,AMB,SWN,AMB,SWN,NF,P,NF,P,,OB,,OB,SWD,Vac,,Vac,,Swing,HWN,Swing,,,GYN,SWD,GYN,,AMB,SWN,AMB,SWN,NF,P,NF,P,,OB,,OB,P,HNF,P,Vac,,HGYN,HWD,HGYN,,FLOAT,FLOAT
R1-3,Hildegard,,,,,,,OB (orient),HGYN (orient),GYN (orient),SWD,OFF,AMB,SWN,AMB,SWN,NF,P,NF,P,OB,,OB,SWD,,HGYN,,US,,US,HWD,US,HWN,Vac,,Vac,,,ONC,HWD,ONC,,ONC,HWD,ONC,,ONC,HWN,ONC,,,AMB,SWN,AMB,SWN,NF,P,NF,P,OB,,OB,SWD,,HGYN,,FLOAT,FLOAT,Vac,,HGYN,HWN,HGYN,,GYN,SWD,GYN,,,GYN,SWD,GYN,,Swing,P,HNF,P,AMB,SWN,AMB,SWN,,NF,P,NF,P,OB,,OB,SWD,Swing,,HGYN,,,HGYN,HWN,HGYN,,GYN,SWD,GYN,,Vac,P,HNF,P,FLOAT,FLOAT
R1-4,Ellen,,,,,,,HHOB (orient),HGYN (orient),HHOB (orient),HWD,OFF,HGYN,HWD,Swing,,AMB,SWN,AMB,SWN,NF,P,NF,P,,OB,SWD,OB,,GYN,,GYN,SWD,GYN,,GYN,HWD,,HGYN,,Vac,,Vac,,US,HWD,US,,US,HWD,,ONC,,ONC,HWN,ONC,,ONC,HWN,ONC,,ONC,HWN,,HGYN,,FLOAT,FLOAT,Swing,,Vac,P,HNF,P,HGYN,,HGYN,SWD,,AMB,SWN,AMB,SWN,NF,P,NF,P,OB,SWD,OB,,,Vac,,HGYN,,HGYN,P,HNF,P,AMB,SWN,AMB,SWN,,NF,P,NF,P,OB,,OB,SWD,GYN,,GYN,SWD,FLOAT,FLOAT
R1-5,Alexa,,,,,,,OB (orient),GYN (orient),OB (orient),OFF,SWD,GYN,,GYN,SWD,GYN,,GYN,SWD,AMB,SWN,AMB,SWN,,NF,P,NF,P,OB,SWD,OB,,US,,US,,,US,,HGYN,HWD,HGYN,,HGYN,HWN,AMB,SWN,AMB,SWN,,NF,P,NF,P,OB,,OB,SWD,Vac,,Vac,,,ONC,HWD,FLOAT,FLOAT,ONC,,ONC,HWD,ONC,,ONC,HWN,ONC,,,HGYN,HWD,HGYN,,AMB,SWN,AMB,SWN,NF,P,NF,P,,OB,,OB,SWD,HGYN,,HGYN,P,HNF,P,Vac,,,GYN,SWD,GYN,,Swing,P,HNF,P,Swing,HWN,Vac,,FLOAT,FLOAT
R1-6,Anna B,,,,,,,GYN (orient),OB (orient),NF,NF,NF,NF,P,NF,P,OB,SWD,OB,,HGYN,HWD,HGYN,,,AMB,SWN,AMB,SWN,NF,P,NF,P,OB,SWD,OB,,,GYN,,GYN,SWD,GYN,,GYN,SWD,Vac,,Vac,,,HGYN,,HGYN,HWD,AMB,SWN,AMB,SWN,NF,P,NF,P,,OB,,FLOAT,FLOAT,OB,SWD,US,,US,HWN,US,P,HNF,P,,ONC,,ONC,HWD,ONC,,ONC,HWD,ONC,,ONC,,,HGYN,HWN,HGYN,,Swing,,Vac,,GYN,SWD,GYN,P,,HNF,P,Swing,HWN,HGYN,,Vac,,AMB,SWN,AMB,SWN,FLOAT,FLOAT
R1-7,Carolyn R,,,,,,,GYN (orient),OB (orient),OB (orient),OFF,OFF,OB,SWD,OB,,HGYN,HWD,Swing,,GYN,,GYN,HWD,,GYN,,GYN,SWD,AMB,SWN,AMB,SWN,NF,P,NF,P,,OB,SWD,OB,,HGYN,HWN,HGYN,,HGYN,,HGYN,HWN,,Vac,,Vac,,HGYN,P,HNF,P,AMB,SWN,AMB,SWN,,NF,P,FLOAT,FLOAT,NF,P,OB,SWD,OB,P,HNF,P,HGYN,,,Vac,,US,HWN,US,,US,SWD,GYN,,GYN,SWD,,ONC,,ONC,HWD,ONC,,ONC,HWN,ONC,,ONC,,,Swing,,Vac,,AMB,SWN,AMB,SWN,NF,P,NF,P,FLOAT,FLOAT
R1-8,Jake,,,,,,,HGYN (orient),HHOB (orient),HHOB (orient),OFF,HNF,HNF,P,HGYN,,Swing,HWN,US,,US,,US,,,Vac,,HGYN,,HGYN,HWN,HGYN,,AMB,SWN,AMB,SWN,,NF,P,NF,P,OB,SWD,OB,,GYN,,GYN,SWD,,GYN,,GYN,SWD,Vac,,HGYN,HWD,HGYN,,HGYN,,,AMB,SWN,FLOAT,FLOAT,AMB,SWN,NF,P,NF,P,OB,,OB,HWN,,Swing,P,HNF,P,GYN,SWD,GYN,,Vac,,Vac,HWN,,AMB,SWN,AMB,SWN,NF,P,NF,P,OB,,OB,SWD,,ONC,,ONC,SWD,ONC,,ONC,HWD,ONC,,ONC,HWD,FLOAT,FLOAT
,,,,,,,,,,,,,,,,,,,,,,,,,,,,,,,,,,,,,,,,,,,,,,,,,,,,,,,,,,,,,,,,,,,,,,,,,,,,,,,,,,,,,,,,,,,,,,,,,,,,,,,,,,,,,,,,,,,,,,,
Sick Call,,,,,,,,,,,,,R4-7,,R4-7,,R3-6,,R3-6,,R4-3,,R4-3,,,R3-2,,R3-2,,R4-1,,R4-1,,R3-3,,R3-3,,,R2-3,,R1-1,,R3-8,,R3-8,,R1-4,,R2-5,,,R1-2,,R2-6,,R3-5,,R3-5,,R4-4,,R4-4,,,R3-1,,,,R3-1,,R4-8,,R4-8,,R3-4,,R3-4,,,R1-8,,R4-2,,R4-2,,R3-7,,R3-7,,R2-4,,,R4-6,,R4-6,,R1-6,,R2-7,,R1-3,,R2-8,,,R4-5,,R4-5,,R1-7,,R2-1,,R1-5,,R2-2,,,
