2023-2024,2024-2025,2025-2026,2026-2027
Alexis,,,,
Emily,,,,
Michelle,,,,
Devin,,,,
Joanna,,,,
Yanling,,,,
Victoria,,,,
Kathryn,Kathryn,,,
Lila,Lila,,,
Tricia,Tricia,,,
Leanne,Leanne,,,
Savannah,Savannah,,,
Pivi,Pivi,,,
Aladeyemi,Aladeyemi,,,
Danielle,Danielle,,,
Chima,Chima,Chima,,
Laura,Laura,Laura,,
Emily King,Emily,Emily K,,
Ally Z,Ally Z,Ally,,
Annie,Annie,Anne,,
Young,Young,Young,,
Allie G,Allie G,Allie,,
Carolyn,Carolyn,Carolyn,,
Carson Klasner,Carson,Carson,Carson Klasner
Dana Stuehling,Dana,Dana,Dana Stuehling
Grace Narlock,Grace,Grace,Grace Narlock
Clare Lennon,Clare,Clare,Clare Lennon
Emily Young,Emily,Emily Y,Emily Young
Tiffany Wang,Tiffany,Tiffany,Tiffany Wang
Alex Kerschner,Alex,Alex,Alex Kerschner
Paige Riedelsheimer,Paige,Paige R,Paige Riedelsheimer
,Sarah,Sarah,Sarah Danforth,
,Anna,Anna,Anna Nesgo,
,Olivia,Olivia,Olivia Rombold,
,Hannah,JD,Hannah Jackel-Dewhurst,
,Ellie,Ellie,Eliane Smith,
,Malayna,Malayna,Malayna Hocker,
,Kylie,Kylie,Kylie Ridley,
,Emily,Emily F,Emily Fronk,
,,Manasa,Manasa Ponnapalli,
,,Mary,Mary Panepento,
,,Gina,Gina Rossi,
,,Evdokia,Zhenya Knyazhanskaya,
,,Paige K,Paige Kieper,
,,Elizabeth,Liz Severino,
,,Erin,Erin Stitzlein,
,,Lexi,Lexi Thomson,
,,,Hannah Walker
,,,Morolayo Ilori
,,,Hildegard Wulf
,,,Ellen Dill
,,,Alexa Shahine
,,,Anna Baumer
,,,Carolyn Robb
,,,Jake Miller